timestamp,No_,No_ 2,Description,Search Description,Description 2,Base Unit of Measure,Price Unit Conversion,Type,Inventory Posting Group,Shelf No_,Item Disc_ Group,Allow Invoice Disc_,Statistics Group,Commission Group,Unit Price,Price_Profit Calculation,Profit _,Costing Method,Unit Cost,Standard Cost,Last Direct Cost,Indirect Cost _,Cost is Adjusted,Allow Online Adjustment,Vendor No_,Vendor Item No_,Lead Time Calculation,Reorder Point,Maximum Inventory,Reorder Quantity,Alternative Item No_,Unit List Price,Duty Due _,Duty Code,Gross Weight,Net Weight,Units per Parcel,Unit Volume,Durability,Freight Type,Tariff No_,Duty Unit Conversion,Country_Region Purchased Code,Budget Quantity,Budgeted Amount,Budget Profit,Blocked,Block Reason,Last DateTime Modified,Last Date Modified,Last Time Modified,Price Includes VAT,VAT Bus_ Posting Gr_ (Price),Gen_ Prod_ Posting Group,Picture,Country_Region of Origin Code,Automatic Ext_ Texts,No_ Series,Tax Group Code,VAT Prod_ Posting Group,Reserve,Global Dimension 1 Code,Global Dimension 2 Code,Stockout Warning,Prevent Negative Inventory,Variant Mandatory if Exists,Application Wksh_ User ID,Coupled to CRM,Assembly Policy,GTIN,Default Deferral Template Code,Low-Level Code,Lot Size,Serial Nos_,Last Unit Cost Calc_ Date,Rolled-up Material Cost,Rolled-up Capacity Cost,Scrap _,Inventory Value Zero,Discrete Order Quantity,Minimum Order Quantity,Maximum Order Quantity,Safety Stock Quantity,Order Multiple,Safety Lead Time,Flushing Method,Replenishment System,Rounding Precision,Sales Unit of Measure,Purch_ Unit of Measure,Time Bucket,Reordering Policy,Include Inventory,Manufacturing Policy,Rescheduling Period,Lot Accumulation Period,Dampener Period,Dampener Quantity,Overflow Level,Manufacturer Code,Item Category Code,Created From Nonstock Item,Product Group Code,Purchasing Code,Service Item Group,Item Tracking Code,Lot Nos_,Expiration Calculation,Warehouse Class Code,Special Equipment Code,Put-away Template Code,Put-away Unit of Measure Code,Phys Invt Counting Period Code,Last Counting Period Update,Use Cross-Docking,Next Counting Start Date,Next Counting End Date,Id,Unit of Measure Id,Tax Group Id,Sales Blocked,Purchasing Blocked,Item Category Id,Inventory Posting Group Id,Gen_ Prod_ Posting Group Id,Over-Receipt Code,Cost Regulation _,Routing No_,Production BOM No_,Single-Level Material Cost,Single-Level Capacity Cost,Single-Level Subcontrd_ Cost,Single-Level Cap_ Ovhd Cost,Single-Level Mfg_ Ovhd Cost,Overhead Rate,Rolled-up Subcontracted Cost,Rolled-up Mfg_ Ovhd Cost,Rolled-up Cap_ Overhead Cost,Order Tracking Policy,Critical,Common Item No_,$systemId,$systemCreatedAt,$systemCreatedBy,$systemModifiedAt,$systemModifiedBy
b'\x00\x00\x00\x00\x00\x05ht',1896-S,,Escritorio ATENAS,ESCRITORIO ATENAS,,UDS,0,0,MERCADERÍA,,,1,0,0,1005.80000000000000000000,0,21.99244000000000000000,0,784.60000000000000000000,784.60000000000000000000,784.60000000000000000000,0E-20,1,1,30000,,,25.00000000000000000000,0E-20,0E-20,,0E-20,0E-20,,39.79000000000000000000,34.60000000000000000000,0E-20,1.20000000000000000000,,,,0E-20,,0E-20,0E-20,0E-20,0,,2023-04-16 07:32:40.980,2023-04-16,1754-01-01 07:32:40.980,0,,MERCADERÍA,75E38C5E-BB39-43ED-9673-BDA098DE84A7,,0,,,IVA21,1,,,0,0,0,,0,0,,,0,0E-20,,1753-01-01,784.60000000000000000000,0E-20,0E-20,0,0,0E-20,0E-20,0E-20,0E-20,,0,0,1.00000000000000000000,UDS,UDS,,0,0,0,,,,0E-20,0E-20,,MESA,0,,,,,,,,,,,,1753-01-01,1,1753-01-01,1753-01-01,00000000-0000-0000-0000-000000000000,30A1C374-28DC-ED11-884E-6045BDE98C53,00000000-0000-0000-0000-000000000000,0,0,4FDDBB7A-28DC-ED11-884E-6045BDE98C53,20A1C374-28DC-ED11-884E-6045BDE98C53,B6A2C374-28DC-ED11-884E-6045BDE98C53,,0E-20,,,784.60000000000000000000,0E-20,0E-20,0E-20,0E-20,0E-20,0E-20,0E-20,0E-20,0,0,,BFA0C374-28DC-ED11-884E-6045BDE98C53,2023-04-16 07:29:51.140,00000000-0000-0000-0000-000000000001,2023-04-16 07:32:40.980,00000000-0000-0000-0000-000000000001
b'\x00\x00\x00\x00\x00\x05hu',1900-S,,"Silla inv. PARÍS, negra","SILLA INV. PARÍS, NEGRA",,UDS,0,0,MERCADERÍA,,,1,0,0,193.70000000000000000000,0,21.99277000000000000000,0,151.10000000000000000000,151.10000000000000000000,151.10000000000000000000,0E-20,1,1,20000,,,50.00000000000000000000,0E-20,0E-20,,0E-20,0E-20,,9.55000000000000000000,8.30000000000000000000,0E-20,0.25000000000000000000,,,,0E-20,,0E-20,0E-20,0E-20,0,,2023-04-16 07:32:40.987,2023-04-16,1754-01-01 07:32:40.987,0,,MERCADERÍA,5373AF6B-CAA7-41AF-B604-3BD3FC27D82D,,0,,,IVA21,1,,,0,0,0,,0,0,,,0,0E-20,,1753-01-01,151.10000000000000000000,0E-20,0E-20,0,0,0E-20,0E-20,0E-20,0E-20,,0,0,1.00000000000000000000,UDS,UDS,,0,0,0,,,,0E-20,0E-20,,SILLA,0,,,,,,,,,,,,1753-01-01,1,1753-01-01,1753-01-01,00000000-0000-0000-0000-000000000000,30A1C374-28DC-ED11-884E-6045BDE98C53,00000000-0000-0000-0000-000000000000,0,0,52DDBB7A-28DC-ED11-884E-6045BDE98C53,20A1C374-28DC-ED11-884E-6045BDE98C53,B6A2C374-28DC-ED11-884E-6045BDE98C53,,0E-20,,,151.10000000000000000000,0E-20,0E-20,0E-20,0E-20,0E-20,0E-20,0E-20,0E-20,0,0,,C0A0C374-28DC-ED11-884E-6045BDE98C53,2023-04-16 07:29:51.153,00000000-0000-0000-0000-000000000001,2023-04-16 07:32:40.987,00000000-0000-0000-0000-000000000001
b'\x00\x00\x00\x00\x00\x05hv',1906-S,,Pedestal móvil ATENAS,PEDESTAL MÓVIL ATENAS,,UDS,0,0,MERCADERÍA,,,1,0,0,435.80000000000000000000,0,22.00551000000000000000,0,339.90000000000000000000,339.90000000000000000000,339.90000000000000000000,0E-20,1,1,30000,,,25.00000000000000000000,0E-20,0E-20,,0E-20,0E-20,,19.67000000000000000000,17.10000000000000000000,0E-20,0.26000000000000000000,,,,0E-20,,0E-20,0E-20,0E-20,0,,2023-04-16 07:32:40.987,2023-04-16,1754-01-01 07:32:40.987,0,,MERCADERÍA,A3C9587D-DE59-4C6B-A257-EA7416CD10E0,,0,,,IVA21,1,,,0,0,0,,0,0,,,2,0E-20,,1753-01-01,339.90000000000000000000,0E-20,0E-20,0,0,0E-20,0E-20,0E-20,0E-20,,0,0,1.00000000000000000000,UDS,UDS,,0,0,0,,,,0E-20,0E-20,,ESCRITORIO,0,,,,,,,,,,,,1753-01-01,1,1753-01-01,1753-01-01,00000000-0000-0000-0000-000000000000,30A1C374-28DC-ED11-884E-6045BDE98C53,00000000-0000-0000-0000-000000000000,0,0,4EDDBB7A-28DC-ED11-884E-6045BDE98C53,20A1C374-28DC-ED11-884E-6045BDE98C53,B6A2C374-28DC-ED11-884E-6045BDE98C53,,0E-20,,,339.90000000000000000000,0E-20,0E-20,0E-20,0E-20,0E-20,0E-20,0E-20,0E-20,0,0,,C1A0C374-28DC-ED11-884E-6045BDE98C53,2023-04-16 07:29:51.163,00000000-0000-0000-0000-000000000001,2023-04-16 07:32:40.987,00000000-0000-0000-0000-000000000001
b'\x00\x00\x00\x00\x00\x05hw',1908-S,,"Silla giratoria LONDRES, azul","SILLA GIRATORIA LONDRES, AZUL",,UDS,0,0,MERCADERÍA,,,1,0,0,191.00000000000000000000,0,22.04188000000000000000,0,148.90000000000000000000,148.90000000000000000000,148.90000000000000000000,0E-20,1,1,30000,,,50.00000000000000000000,0E-20,0E-20,,0E-20,0E-20,,15.99000000000000000000,13.90000000000000000000,0E-20,0.25000000000000000000,,,,0E-20,,0E-20,0E-20,0E-20,0,,2023-04-16 07:32:40.990,2023-04-16,1754-01-01 07:32:40.990,0,,MERCADERÍA,838377CC-CF80-4D91-AE48-2822B24D7661,,0,,,IVA21,1,,,0,0,0,,0,0,,,0,0E-20,,1753-01-01,148.90000000000000000000,0E-20,0E-20,0,0,0E-20,0E-20,0E-20,0E-20,,0,0,1.00000000000000000000,UDS,UDS,,0,0,0,,,,0E-20,0E-20,,SILLA,0,,,,,,,,,,,,1753-01-01,1,1753-01-01,1753-01-01,00000000-0000-0000-0000-000000000000,30A1C374-28DC-ED11-884E-6045BDE98C53,00000000-0000-0000-0000-000000000000,0,0,52DDBB7A-28DC-ED11-884E-6045BDE98C53,20A1C374-28DC-ED11-884E-6045BDE98C53,B6A2C374-28DC-ED11-884E-6045BDE98C53,,0E-20,,,148.90000000000000000000,0E-20,0E-20,0E-20,0E-20,0E-20,0E-20,0E-20,0E-20,0,0,,C2A0C374-28DC-ED11-884E-6045BDE98C53,2023-04-16 07:29:51.167,00000000-0000-0000-0000-000000000001,2023-04-16 07:32:40.990,00000000-0000-0000-0000-000000000001
b'\x00\x00\x00\x00\x00\x05hx',1920-S,,Mesa de conferencia AMBERES,MESA DE CONFERENCIA AMBERES,,UDS,0,0,MERCADERÍA,,,1,0,0,651.10000000000000000000,0,21.97819000000000000000,0,508.00000000000000000000,508.00000000000000000000,508.00000000000000000000,0E-20,1,1,20000,,,15.00000000000000000000,0E-20,0E-20,,0E-20,0E-20,,28.06000000000000000000,24.40000000000000000000,0E-20,0.90000000000000000000,,,,0E-20,,0E-20,0E-20,0E-20,0,,2023-04-16 07:32:40.990,2023-04-16,1754-01-01 07:32:40.990,0,,MERCADERÍA,D45B267B-EC39-4B59-976C-7E521E1C7C24,,0,,,IVA21,1,,,0,0,0,,0,0,,,2,0E-20,,1753-01-01,508.00000000000000000000,0E-20,0E-20,0,0,0E-20,0E-20,0E-20,0E-20,,0,0,1.00000000000000000000,UDS,UDS,,0,0,0,,,,0E-20,0E-20,,ESCRITORIO,0,,,,,,,,,,,,1753-01-01,1,1753-01-01,1753-01-01,00000000-0000-0000-0000-000000000000,30A1C374-28DC-ED11-884E-6045BDE98C53,00000000-0000-0000-0000-000000000000,0,0,4EDDBB7A-28DC-ED11-884E-6045BDE98C53,20A1C374-28DC-ED11-884E-6045BDE98C53,B6A2C374-28DC-ED11-884E-6045BDE98C53,,0E-20,,,508.00000000000000000000,0E-20,0E-20,0E-20,0E-20,0E-20,0E-20,0E-20,0E-20,0,0,,C3A0C374-28DC-ED11-884E-6045BDE98C53,2023-04-16 07:29:51.170,00000000-0000-0000-0000-000000000001,2023-04-16 07:32:40.990,00000000-0000-0000-0000-000000000001
b'\x00\x00\x00\x00\x00\x05hz',1925-W,,Paquete de conferencia 1-6,PAQUETE DE CONFERENCIA 1-6,,UDS,0,0,MERCADERÍA,,,1,0,0,189.80000000000000000000,0,0E-20,0,0E-20,1486.10000000000000000000,0E-20,0E-20,1,1,,,,50.00000000000000000000,0E-20,0E-20,,0E-20,0E-20,,0E-20,0E-20,0E-20,0E-20,,,,0E-20,,0E-20,0E-20,0E-20,0,,2023-04-16 07:32:40.993,2023-04-16,1754-01-01 07:32:40.993,0,,MERCADERÍA,B299A809-C6F4-48D6-BB03-F26B34C49D32,,0,,,IVA21,1,,,0,0,0,,0,0,,,0,0E-20,,2023-04-16,1401.40000000000000000000,77.00000000000000000000,0E-20,0,0,0E-20,0E-20,0E-20,0E-20,,0,3,1.00000000000000000000,UDS,UDS,,0,0,0,,,,0E-20,0E-20,,,0,,,,,,,,,,,,1753-01-01,1,1753-01-01,1753-01-01,00000000-0000-0000-0000-000000000000,30A1C374-28DC-ED11-884E-6045BDE98C53,00000000-0000-0000-0000-000000000000,0,0,00000000-0000-0000-0000-000000000000,20A1C374-28DC-ED11-884E-6045BDE98C53,B6A2C374-28DC-ED11-884E-6045BDE98C53,,0E-20,,,1401.40000000000000000000,77.00000000000000000000,0E-20,7.70000000000000000000,0E-20,0E-20,0E-20,0E-20,7.70000000000000000000,0,0,,C4A0C374-28DC-ED11-884E-6045BDE98C53,2023-04-16 07:29:51.173,00000000-0000-0000-0000-000000000001,2023-04-16 07:32:40.993,00000000-0000-0000-0000-000000000001
b'\x00\x00\x00\x00\x00\x05h{',1928-S,,Lámpara ÁMSTERDAM,LÁMPARA ÁMSTERDAM,,UDS,0,0,MERCADERÍA,,,1,0,0,55.20000000000000000000,0,21.92029000000000000000,0,43.10000000000000000000,43.10000000000000000000,43.10000000000000000000,0E-20,1,1,10000,,,45.00000000000000000000,0E-20,0E-20,,0E-20,0E-20,,4.03000000000000000000,3.50000000000000000000,0E-20,0.03000000000000000000,,,,0E-20,,0E-20,0E-20,0E-20,0,,2023-04-16 07:32:40.997,2023-04-16,1754-01-01 07:32:40.997,0,,MERCADERÍA,21059E8E-A0BF-4078-B63C-5749E9D9FE55,,0,,,IVA21,1,,,0,0,0,,0,0,,,0,0E-20,,1753-01-01,43.10000000000000000000,0E-20,0E-20,0,0,0E-20,0E-20,0E-20,0E-20,,0,0,1.00000000000000000000,UDS,UDS,,0,0,0,,,,0E-20,0E-20,,VARIOS,0,,,,,,,,,,,,1753-01-01,1,1753-01-01,1753-01-01,00000000-0000-0000-0000-000000000000,30A1C374-28DC-ED11-884E-6045BDE98C53,00000000-0000-0000-0000-000000000000,0,0,53DDBB7A-28DC-ED11-884E-6045BDE98C53,20A1C374-28DC-ED11-884E-6045BDE98C53,B6A2C374-28DC-ED11-884E-6045BDE98C53,,0E-20,,,43.10000000000000000000,0E-20,0E-20,0E-20,0E-20,0E-20,0E-20,0E-20,0E-20,0,0,,C5A0C374-28DC-ED11-884E-6045BDE98C53,2023-04-16 07:29:51.177,00000000-0000-0000-0000-000000000001,2023-04-16 07:32:40.997,00000000-0000-0000-0000-000000000001
b'\x00\x00\x00\x00\x00\x05h}',1929-W,,Paquete de conferencia 1-8,PAQUETE DE CONFERENCIA 1-8,,UDS,0,0,MERCADERÍA,,,1,0,0,235.00000000000000000000,0,0E-20,0,0E-20,1783.90000000000000000000,0E-20,0E-20,1,1,,,,50.00000000000000000000,0E-20,0E-20,,0E-20,0E-20,,0E-20,0E-20,0E-20,0E-20,,,,0E-20,,0E-20,0E-20,0E-20,0,,2023-04-16 07:32:41.000,2023-04-16,1754-01-01 07:32:41.000,0,,MERCADERÍA,DC46B39B-7EF9-4076-BE18-2CA8A00C9EF7,,0,,,IVA21,1,,,0,0,0,,0,0,,,0,0E-20,,2023-04-16,1699.20000000000000000000,77.00000000000000000000,0E-20,0,0,0E-20,0E-20,0E-20,0E-20,,0,3,1.00000000000000000000,UDS,UDS,,0,0,0,,,,0E-20,0E-20,,,0,,,,,,,,,,,,1753-01-01,1,1753-01-01,1753-01-01,00000000-0000-0000-0000-000000000000,30A1C374-28DC-ED11-884E-6045BDE98C53,00000000-0000-0000-0000-000000000000,0,0,00000000-0000-0000-0000-000000000000,20A1C374-28DC-ED11-884E-6045BDE98C53,B6A2C374-28DC-ED11-884E-6045BDE98C53,,0E-20,,,1699.20000000000000000000,77.00000000000000000000,0E-20,7.70000000000000000000,0E-20,0E-20,0E-20,0E-20,7.70000000000000000000,0,0,,C6A0C374-28DC-ED11-884E-6045BDE98C53,2023-04-16 07:29:51.180,00000000-0000-0000-0000-000000000001,2023-04-16 07:32:41.000,00000000-0000-0000-0000-000000000001
b'\x00\x00\x00\x00\x00\x05h~',1936-S,,"Silla invit. BERLÍN, amar.","SILLA INVIT. BERLÍN, AMAR.",,UDS,0,0,MERCADERÍA,,,1,0,0,193.70000000000000000000,0,21.99277000000000000000,0,151.10000000000000000000,151.10000000000000000000,151.10000000000000000000,0E-20,1,1,20000,,,50.00000000000000000000,0E-20,0E-20,,0E-20,0E-20,,9.55000000000000000000,8.30000000000000000000,0E-20,0.25000000000000000000,,,,0E-20,,0E-20,0E-20,0E-20,0,,2023-04-16 07:32:41.003,2023-04-16,1754-01-01 07:32:41.003,0,,MERCADERÍA,078AF600-B2C4-4A3B-88BF-09ED56555CE1,,0,,,IVA21,1,,,0,0,0,,0,0,,,0,0E-20,,1753-01-01,151.10000000000000000000,0E-20,0E-20,0,0,0E-20,0E-20,0E-20,0E-20,,0,0,1.00000000000000000000,UDS,UDS,,0,0,0,,,,0E-20,0E-20,,SILLA,0,,,,,,,,,,,,1753-01-01,1,1753-01-01,1753-01-01,00000000-0000-0000-0000-000000000000,30A1C374-28DC-ED11-884E-6045BDE98C53,00000000-0000-0000-0000-000000000000,0,0,52DDBB7A-28DC-ED11-884E-6045BDE98C53,20A1C374-28DC-ED11-884E-6045BDE98C53,B6A2C374-28DC-ED11-884E-6045BDE98C53,,0E-20,,,151.10000000000000000000,0E-20,0E-20,0E-20,0E-20,0E-20,0E-20,0E-20,0E-20,0,0,,C7A0C374-28DC-ED11-884E-6045BDE98C53,2023-04-16 07:29:51.183,00000000-0000-0000-0000-000000000001,2023-04-16 07:32:41.003,00000000-0000-0000-0000-000000000001
b'\x00\x00\x00\x00\x00\x05h\x80',1953-W,,Sección invitados 1,SECCIÓN INVITADOS 1,,UDS,0,0,MERCADERÍA,,,1,0,0,126.40000000000000000000,0,0E-20,0,0E-20,944.30000000000000000000,0E-20,0E-20,1,1,,,,50.00000000000000000000,0E-20,0E-20,,0E-20,0E-20,,0E-20,0E-20,0E-20,0E-20,,,,0E-20,,0E-20,0E-20,0E-20,0,,2023-04-16 07:32:41.003,2023-04-16,1754-01-01 07:32:41.003,0,,MERCADERÍA,A575020A-BD23-4B20-B78A-DD9EEAE1C168,,0,,,IVA21,1,,,0,0,0,,0,0,,,1,0E-20,,2023-04-16,944.30000000000000000000,0E-20,0E-20,0,0,0E-20,0E-20,0E-20,0E-20,,0,3,1.00000000000000000000,UDS,UDS,,0,0,0,,,,0E-20,0E-20,,,0,,,,,,,,,,,,1753-01-01,1,1753-01-01,1753-01-01,00000000-0000-0000-0000-000000000000,30A1C374-28DC-ED11-884E-6045BDE98C53,00000000-0000-0000-0000-000000000000,0,0,00000000-0000-0000-0000-000000000000,20A1C374-28DC-ED11-884E-6045BDE98C53,B6A2C374-28DC-ED11-884E-6045BDE98C53,,0E-20,,,944.30000000000000000000,0E-20,0E-20,0E-20,0E-20,0E-20,0E-20,0E-20,0E-20,0,0,,C8A0C374-28DC-ED11-884E-6045BDE98C53,2023-04-16 07:29:51.187,00000000-0000-0000-0000-000000000001,2023-04-16 07:32:41.003,00000000-0000-0000-0000-000000000001
b'\x00\x00\x00\x00\x00\x05h\x81',1960-S,,"Silla inv. ROMA, verde","SILLA INV. ROMA, VERDE",,UDS,0,0,MERCADERÍA,,,1,0,0,193.70000000000000000000,0,21.99277000000000000000,0,151.10000000000000000000,151.10000000000000000000,151.10000000000000000000,0E-20,1,1,20000,,,50.00000000000000000000,0E-20,0E-20,,0E-20,0E-20,,9.55000000000000000000,8.30000000000000000000,0E-20,0.25000000000000000000,,,,0E-20,,0E-20,0E-20,0E-20,0,,2023-04-16 07:32:41.007,2023-04-16,1754-01-01 07:32:41.007,0,,MERCADERÍA,7CC0F5D5-51B3-445C-A699-5B9954FA3033,,0,,,IVA21,1,,,0,0,0,,0,0,,,2,0E-20,,1753-01-01,151.10000000000000000000,0E-20,0E-20,0,0,0E-20,0E-20,0E-20,0E-20,,0,0,1.00000000000000000000,UDS,UDS,,0,0,0,,,,0E-20,0E-20,,SILLA,0,,,,,,,,,,,,1753-01-01,1,1753-01-01,1753-01-01,00000000-0000-0000-0000-000000000000,30A1C374-28DC-ED11-884E-6045BDE98C53,00000000-0000-0000-0000-000000000000,0,0,52DDBB7A-28DC-ED11-884E-6045BDE98C53,20A1C374-28DC-ED11-884E-6045BDE98C53,B6A2C374-28DC-ED11-884E-6045BDE98C53,,0E-20,,,151.10000000000000000000,0E-20,0E-20,0E-20,0E-20,0E-20,0E-20,0E-20,0E-20,0,0,,C9A0C374-28DC-ED11-884E-6045BDE98C53,2023-04-16 07:29:51.190,00000000-0000-0000-0000-000000000001,2023-04-16 07:32:41.007,00000000-0000-0000-0000-000000000001
b'\x00\x00\x00\x00\x00\x05h\x82',1964-S,,"Silla inv. TOKIO, azul","SILLA INV. TOKIO, AZUL",,UDS,0,0,MERCADERÍA,,,1,0,0,193.70000000000000000000,0,21.99277000000000000000,0,151.10000000000000000000,151.10000000000000000000,151.10000000000000000000,0E-20,1,1,20000,,,50.00000000000000000000,0E-20,0E-20,,0E-20,0E-20,,9.55000000000000000000,8.30000000000000000000,0E-20,0.25000000000000000000,,,,0E-20,,0E-20,0E-20,0E-20,0,,2023-04-16 07:32:41.010,2023-04-16,1754-01-01 07:32:41.010,0,,MERCADERÍA,595D5AED-7F06-4707-898C-34A82B280FA2,,0,,,IVA21,1,,,0,0,0,,0,0,,,0,0E-20,,1753-01-01,151.10000000000000000000,0E-20,0E-20,0,0,0E-20,0E-20,0E-20,0E-20,,0,0,1.00000000000000000000,UDS,UDS,,0,0,0,,,,0E-20,0E-20,,SILLA,0,,,,,,,,,,,,1753-01-01,1,1753-01-01,1753-01-01,00000000-0000-0000-0000-000000000000,30A1C374-28DC-ED11-884E-6045BDE98C53,00000000-0000-0000-0000-000000000000,0,0,52DDBB7A-28DC-ED11-884E-6045BDE98C53,20A1C374-28DC-ED11-884E-6045BDE98C53,B6A2C374-28DC-ED11-884E-6045BDE98C53,,0E-20,,,151.10000000000000000000,0E-20,0E-20,0E-20,0E-20,0E-20,0E-20,0E-20,0E-20,0,0,,CAA0C374-28DC-ED11-884E-6045BDE98C53,2023-04-16 07:29:51.193,00000000-0000-0000-0000-000000000001,2023-04-16 07:32:41.010,00000000-0000-0000-0000-000000000001
b'\x00\x00\x00\x00\x00\x05h\x84',1965-W,,Paquete de conferencia 2-8,PAQUETE DE CONFERENCIA 2-8,,UDS,0,0,MERCADERÍA,,,1,0,0,235.00000000000000000000,0,0E-20,0,0E-20,1783.90000000000000000000,0E-20,0E-20,1,1,,,,50.00000000000000000000,0E-20,0E-20,,0E-20,0E-20,,0E-20,0E-20,0E-20,0E-20,,,,0E-20,,0E-20,0E-20,0E-20,0,,2023-04-16 07:32:41.013,2023-04-16,1754-01-01 07:32:41.013,0,,MERCADERÍA,3B4EAD4F-0F72-4BE3-BDEF-B2BD6DAA9066,,0,,,IVA21,1,,,0,0,0,,0,0,,,1,0E-20,,2023-04-16,1699.20000000000000000000,77.00000000000000000000,0E-20,0,0,0E-20,0E-20,0E-20,0E-20,,0,3,1.00000000000000000000,UDS,UDS,,0,0,0,,,,0E-20,0E-20,,,0,,,,,,,,,,,,1753-01-01,1,1753-01-01,1753-01-01,00000000-0000-0000-0000-000000000000,30A1C374-28DC-ED11-884E-6045BDE98C53,00000000-0000-0000-0000-000000000000,0,0,00000000-0000-0000-0000-000000000000,20A1C374-28DC-ED11-884E-6045BDE98C53,B6A2C374-28DC-ED11-884E-6045BDE98C53,,0E-20,,,1699.20000000000000000000,77.00000000000000000000,0E-20,7.70000000000000000000,0E-20,0E-20,0E-20,0E-20,7.70000000000000000000,0,0,,CBA0C374-28DC-ED11-884E-6045BDE98C53,2023-04-16 07:29:51.197,00000000-0000-0000-0000-000000000001,2023-04-16 07:32:41.013,00000000-0000-0000-0000-000000000001
b'\x00\x00\x00\x00\x00\x05h\x85',1968-S,,"Silla giratoria MÉXICO, negra","SILLA GIRATORIA MÉXICO, NEGRA",,UDS,0,0,MERCADERÍA,,,1,0,0,191.00000000000000000000,0,22.04188000000000000000,0,148.90000000000000000000,148.90000000000000000000,148.90000000000000000000,0E-20,1,1,30000,,,50.00000000000000000000,0E-20,0E-20,,0E-20,0E-20,,15.99000000000000000000,13.90000000000000000000,0E-20,0.25000000000000000000,,,,0E-20,,0E-20,0E-20,0E-20,0,,2023-04-16 07:32:41.013,2023-04-16,1754-01-01 07:32:41.013,0,,MERCADERÍA,3E4A6617-3B90-46F5-9836-6044AD80E934,,0,,,IVA21,1,,,0,0,0,,0,0,,,1,0E-20,,1753-01-01,148.90000000000000000000,0E-20,0E-20,0,0,0E-20,0E-20,0E-20,0E-20,,0,0,1.00000000000000000000,UDS,UDS,,0,0,0,,,,0E-20,0E-20,,SILLA,0,,,,,,,,,,,,1753-01-01,1,1753-01-01,1753-01-01,00000000-0000-0000-0000-000000000000,30A1C374-28DC-ED11-884E-6045BDE98C53,00000000-0000-0000-0000-000000000000,0,0,52DDBB7A-28DC-ED11-884E-6045BDE98C53,20A1C374-28DC-ED11-884E-6045BDE98C53,B6A2C374-28DC-ED11-884E-6045BDE98C53,,0E-20,,,148.90000000000000000000,0E-20,0E-20,0E-20,0E-20,0E-20,0E-20,0E-20,0E-20,0,0,,CCA0C374-28DC-ED11-884E-6045BDE98C53,2023-04-16 07:29:51.200,00000000-0000-0000-0000-000000000001,2023-04-16 07:32:41.013,00000000-0000-0000-0000-000000000001
b'\x00\x00\x00\x00\x00\x05h\x87',1969-W,,Conjunto de conferencia 1,CONJUNTO DE CONFERENCIA 1,,UDS,0,0,MERCADERÍA,,,1,0,0,343.50000000000000000000,0,0E-20,0,0E-20,2812.90000000000000000000,0E-20,0E-20,1,1,,,,50.00000000000000000000,0E-20,0E-20,,0E-20,0E-20,,0E-20,0E-20,0E-20,0E-20,,,,0E-20,,0E-20,0E-20,0E-20,0,,2023-04-16 07:32:41.017,2023-04-16,1754-01-01 07:32:41.017,0,,MERCADERÍA,FEE21491-7200-481D-B460-326E6187BB3C,,0,,,IVA21,1,,,0,0,0,,0,0,,,0,0E-20,,2023-04-16,2643.50000000000000000000,154.00000000000000000000,0E-20,0,0,0E-20,0E-20,0E-20,0E-20,,0,3,1.00000000000000000000,UDS,UDS,,0,0,0,,,,0E-20,0E-20,,,0,,,,,,,,,,,,1753-01-01,1,1753-01-01,1753-01-01,00000000-0000-0000-0000-000000000000,30A1C374-28DC-ED11-884E-6045BDE98C53,00000000-0000-0000-0000-000000000000,0,0,00000000-0000-0000-0000-000000000000,20A1C374-28DC-ED11-884E-6045BDE98C53,B6A2C374-28DC-ED11-884E-6045BDE98C53,,0E-20,,,2728.20000000000000000000,77.00000000000000000000,0E-20,7.70000000000000000000,0E-20,0E-20,0E-20,0E-20,15.40000000000000000000,0,0,,CDA0C374-28DC-ED11-884E-6045BDE98C53,2023-04-16 07:29:51.203,00000000-0000-0000-0000-000000000001,2023-04-16 07:32:41.017,00000000-0000-0000-0000-000000000001
b'\x00\x00\x00\x00\x00\x05h\x88',1972-S,,"Silla giratoria MUNICH, amar.","SILLA GIRATORIA MUNICH, AMAR.",,UDS,0,0,MERCADERÍA,,,1,0,0,191.00000000000000000000,0,22.04188000000000000000,0,148.90000000000000000000,148.90000000000000000000,148.90000000000000000000,0E-20,1,1,30000,,,50.00000000000000000000,0E-20,0E-20,,0E-20,0E-20,,15.99000000000000000000,13.90000000000000000000,0E-20,0.25000000000000000000,,,,0E-20,,0E-20,0E-20,0E-20,0,,2023-04-16 07:32:41.017,2023-04-16,1754-01-01 07:32:41.017,0,,MERCADERÍA,C95023A1-54E1-42E0-B3D2-ADA45D88842E,,0,,,IVA21,1,,,0,0,0,,0,0,,,0,0E-20,,1753-01-01,148.90000000000000000000,0E-20,0E-20,0,0,0E-20,0E-20,0E-20,0E-20,,0,0,1.00000000000000000000,UDS,UDS,,0,0,0,,,,0E-20,0E-20,,SILLA,0,,,,,,,,,,,,1753-01-01,1,1753-01-01,1753-01-01,00000000-0000-0000-0000-000000000000,30A1C374-28DC-ED11-884E-6045BDE98C53,00000000-0000-0000-0000-000000000000,0,0,52DDBB7A-28DC-ED11-884E-6045BDE98C53,20A1C374-28DC-ED11-884E-6045BDE98C53,B6A2C374-28DC-ED11-884E-6045BDE98C53,,0E-20,,,148.90000000000000000000,0E-20,0E-20,0E-20,0E-20,0E-20,0E-20,0E-20,0E-20,0,0,,CEA0C374-28DC-ED11-884E-6045BDE98C53,2023-04-16 07:29:51.207,00000000-0000-0000-0000-000000000001,2023-04-16 07:32:41.017,00000000-0000-0000-0000-000000000001
b'\x00\x00\x00\x00\x00\x05h\x89',1980-S,,"Silla giratoria MOSCÚ, roja","SILLA GIRATORIA MOSCÚ, ROJA",,UDS,0,0,MERCADERÍA,,,1,0,0,191.00000000000000000000,0,22.04188000000000000000,0,148.90000000000000000000,148.90000000000000000000,148.90000000000000000000,0E-20,1,1,30000,,,50.00000000000000000000,0E-20,0E-20,,0E-20,0E-20,,15.99000000000000000000,13.90000000000000000000,0E-20,0.25000000000000000000,,,,0E-20,,0E-20,0E-20,0E-20,0,,2023-04-16 07:32:41.017,2023-04-16,1754-01-01 07:32:41.017,0,,MERCADERÍA,95D55728-2E58-44EE-AE21-0ECFA2616A50,,0,,,IVA21,1,,,0,0,0,,0,0,,,0,0E-20,,1753-01-01,148.90000000000000000000,0E-20,0E-20,0,0,0E-20,0E-20,0E-20,0E-20,,0,0,1.00000000000000000000,UDS,UDS,,0,0,0,,,,0E-20,0E-20,,SILLA,0,,,,,,,,,,,,1753-01-01,1,1753-01-01,1753-01-01,00000000-0000-0000-0000-000000000000,30A1C374-28DC-ED11-884E-6045BDE98C53,00000000-0000-0000-0000-000000000000,0,0,52DDBB7A-28DC-ED11-884E-6045BDE98C53,20A1C374-28DC-ED11-884E-6045BDE98C53,B6A2C374-28DC-ED11-884E-6045BDE98C53,,0E-20,,,148.90000000000000000000,0E-20,0E-20,0E-20,0E-20,0E-20,0E-20,0E-20,0E-20,0,0,,CFA0C374-28DC-ED11-884E-6045BDE98C53,2023-04-16 07:29:51.210,00000000-0000-0000-0000-000000000001,2023-04-16 07:32:41.017,00000000-0000-0000-0000-000000000001
b'\x00\x00\x00\x00\x00\x05h\x8a',1988-S,,"Silla inv. SEUL, roja","SILLA INV. SEUL, ROJA",,UDS,0,0,MERCADERÍA,,,1,0,0,193.70000000000000000000,0,21.99277000000000000000,0,151.10000000000000000000,151.10000000000000000000,151.10000000000000000000,0E-20,1,1,20000,,,50.00000000000000000000,0E-20,0E-20,,0E-20,0E-20,,9.55000000000000000000,8.30000000000000000000,0E-20,0.25000000000000000000,,,,0E-20,,0E-20,0E-20,0E-20,0,,2023-04-16 07:32:41.020,2023-04-16,1754-01-01 07:32:41.020,0,,MERCADERÍA,A485E6CF-A7A3-4FE1-AF0F-B7BFC2904242,,0,,,IVA21,1,,,0,0,0,,0,0,,,0,0E-20,,1753-01-01,151.10000000000000000000,0E-20,0E-20,0,0,0E-20,0E-20,0E-20,0E-20,,0,0,1.00000000000000000000,UDS,UDS,,0,0,0,,,,0E-20,0E-20,,SILLA,0,,,,,,,,,,,,1753-01-01,1,1753-01-01,1753-01-01,00000000-0000-0000-0000-000000000000,30A1C374-28DC-ED11-884E-6045BDE98C53,00000000-0000-0000-0000-000000000000,0,0,52DDBB7A-28DC-ED11-884E-6045BDE98C53,20A1C374-28DC-ED11-884E-6045BDE98C53,B6A2C374-28DC-ED11-884E-6045BDE98C53,,0E-20,,,151.10000000000000000000,0E-20,0E-20,0E-20,0E-20,0E-20,0E-20,0E-20,0E-20,0,0,,D0A0C374-28DC-ED11-884E-6045BDE98C53,2023-04-16 07:29:51.217,00000000-0000-0000-0000-000000000001,2023-04-16 07:32:41.020,00000000-0000-0000-0000-000000000001
b'\x00\x00\x00\x00\x00\x05h\x8b',1996-S,,"Pizarra ATLANTA, base","PIZARRA ATLANTA, BASE",,UDS,0,0,MERCADERÍA,,,1,0,0,1404.30000000000000000000,0,22.00385000000000000000,0,1095.30000000000000000000,1095.30000000000000000000,1095.30000000000000000000,0E-20,1,1,30000,,,100.00000000000000000000,0E-20,0E-20,,0E-20,0E-20,,80.27000000000000000000,69.80000000000000000000,0E-20,0.31000000000000000000,,,,0E-20,,0E-20,0E-20,0E-20,0,,2023-04-16 07:32:41.020,2023-04-16,1754-01-01 07:32:41.020,0,,MERCADERÍA,29C25477-B247-4F2C-91CF-C41C4DA8A20F,,0,,,IVA21,1,,,0,0,0,,0,0,,,0,0E-20,,1753-01-01,1095.30000000000000000000,0E-20,0E-20,0,0,0E-20,0E-20,0E-20,0E-20,,0,0,1.00000000000000000000,UDS,UDS,,0,0,0,,,,0E-20,0E-20,,VARIOS,0,,,,,,,,,,,,1753-01-01,1,1753-01-01,1753-01-01,00000000-0000-0000-0000-000000000000,30A1C374-28DC-ED11-884E-6045BDE98C53,00000000-0000-0000-0000-000000000000,0,0,53DDBB7A-28DC-ED11-884E-6045BDE98C53,20A1C374-28DC-ED11-884E-6045BDE98C53,B6A2C374-28DC-ED11-884E-6045BDE98C53,,0E-20,,,1095.30000000000000000000,0E-20,0E-20,0E-20,0E-20,0E-20,0E-20,0E-20,0E-20,0,0,,D1A0C374-28DC-ED11-884E-6045BDE98C53,2023-04-16 07:29:51.220,00000000-0000-0000-0000-000000000001,2023-04-16 07:32:41.020,00000000-0000-0000-0000-000000000001
b'\x00\x00\x00\x00\x00\x05h\x8c',2000-S,,"Silla giratoria SIDNEY, verde","SILLA GIRATORIA SIDNEY, VERDE",,UDS,0,0,MERCADERÍA,,,1,0,0,191.00000000000000000000,0,22.04188000000000000000,0,148.90000000000000000000,148.90000000000000000000,148.90000000000000000000,0E-20,1,1,30000,,,50.00000000000000000000,0E-20,0E-20,,0E-20,0E-20,,15.99000000000000000000,13.90000000000000000000,0E-20,0.25000000000000000000,,,,0E-20,,0E-20,0E-20,0E-20,0,,2023-04-16 07:32:41.047,2023-04-16,1754-01-01 07:32:41.047,0,,MERCADERÍA,26282F81-CBC0-450F-BA37-C88C85714B05,,0,,,IVA21,1,,,0,0,0,,0,0,,,2,0E-20,,1753-01-01,148.90000000000000000000,0E-20,0E-20,0,0,0E-20,0E-20,0E-20,0E-20,,0,0,1.00000000000000000000,UDS,UDS,,0,0,0,,,,0E-20,0E-20,,SILLA,0,,,,,,,,,,,,1753-01-01,1,1753-01-01,1753-01-01,00000000-0000-0000-0000-000000000000,30A1C374-28DC-ED11-884E-6045BDE98C53,00000000-0000-0000-0000-000000000000,0,0,52DDBB7A-28DC-ED11-884E-6045BDE98C53,20A1C374-28DC-ED11-884E-6045BDE98C53,B6A2C374-28DC-ED11-884E-6045BDE98C53,,0E-20,,,148.90000000000000000000,0E-20,0E-20,0E-20,0E-20,0E-20,0E-20,0E-20,0E-20,0,0,,D2A0C374-28DC-ED11-884E-6045BDE98C53,2023-04-16 07:29:51.227,00000000-0000-0000-0000-000000000001,2023-04-16 07:32:41.047,00000000-0000-0000-0000-000000000001
b'\x00\x00\x00\x00\x00\x05\xa0_',SP-BOM1101,,Alojamiento Airpot,ALOJAMIENTO AIRPOT,,UDS,0,0,MAT. PRIMA,,,1,0,0,0E-20,0,0E-20,0,36.26000000000000000000,36.26000000000000000000,36.26000000000000000000,0E-20,1,1,81000,ADG-4577,,0E-20,0E-20,0E-20,,0E-20,0E-20,,0E-20,0E-20,0E-20,0E-20,,,,0E-20,,0E-20,0E-20,0E-20,0,,2023-04-16 07:32:41.047,2023-04-16,1754-01-01 07:32:41.047,0,,MAT. PRIMA,00000000-0000-0000-0000-000000000000,,0,,,IVA21,1,,,0,0,0,,0,0,,,1,0E-20,,1753-01-01,36.26000000000000000000,0E-20,0E-20,0,0,0E-20,0E-20,0E-20,0E-20,,0,0,1.00000000000000000000,UDS,UDS,1,4,1,0,,,,0E-20,0E-20,,PIEZAS,0,,,,,,,,,,,,1753-01-01,1,1753-01-01,1753-01-01,00000000-0000-0000-0000-000000000000,30A1C374-28DC-ED11-884E-6045BDE98C53,00000000-0000-0000-0000-000000000000,0,0,E3D22BDD-28DC-ED11-884E-6045BDE98C53,00000000-0000-0000-0000-000000000000,B5A2C374-28DC-ED11-884E-6045BDE98C53,,0E-20,,,36.26000000000000000000,0E-20,0E-20,0E-20,0E-20,0E-20,0E-20,0E-20,0E-20,0,0,,FED22BDD-28DC-ED11-884E-6045BDE98C53,2023-04-16 07:32:40.677,00000000-0000-0000-0000-000000000001,2023-04-16 07:32:51.310,00000000-0000-0000-0000-000000000001
b'\x00\x00\x00\x00\x00\x05\xa0R',SP-BOM1102,,Cesta de filtro de café,CESTA DE FILTRO DE CAFÉ,,UDS,0,0,MAT. PRIMA,,,1,0,0,0E-20,0,0E-20,0,28.13000000000000000000,28.13000000000000000000,28.13000000000000000000,0E-20,1,1,81000,GG-78827,,0E-20,0E-20,0E-20,,0E-20,0E-20,,0E-20,0E-20,0E-20,0E-20,,,,0E-20,,0E-20,0E-20,0E-20,0,,2023-04-16 07:32:41.053,2023-04-16,1754-01-01 07:32:41.053,0,,MAT. PRIMA,00000000-0000-0000-0000-000000000000,,0,,,IVA21,1,,,0,0,0,,0,0,,,1,0E-20,,1753-01-01,28.13000000000000000000,0E-20,0E-20,0,0,0E-20,0E-20,0E-20,0E-20,,0,0,1.00000000000000000000,UDS,UDS,1,4,1,0,,,,0E-20,0E-20,,PIEZAS,0,,,,,,,,,,,,1753-01-01,1,1753-01-01,1753-01-01,00000000-0000-0000-0000-000000000000,30A1C374-28DC-ED11-884E-6045BDE98C53,00000000-0000-0000-0000-000000000000,0,0,E3D22BDD-28DC-ED11-884E-6045BDE98C53,00000000-0000-0000-0000-000000000000,B5A2C374-28DC-ED11-884E-6045BDE98C53,,0E-20,,,28.13000000000000000000,0E-20,0E-20,0E-20,0E-20,0E-20,0E-20,0E-20,0E-20,0,0,,00D32BDD-28DC-ED11-884E-6045BDE98C53,2023-04-16 07:32:40.677,00000000-0000-0000-0000-000000000001,2023-04-16 07:32:51.303,00000000-0000-0000-0000-000000000001
b'\x00\x00\x00\x00\x00\x05\xa0S',SP-BOM1103,,"Pata, ajustable, goma","PATA, AJUSTABLE, GOMA",,UDS,0,0,MAT. PRIMA,,,1,0,0,0E-20,0,0E-20,0,2.99000000000000000000,2.99000000000000000000,2.99000000000000000000,0E-20,1,1,81000,4577-4555,,0E-20,0E-20,0E-20,,0E-20,0E-20,,0E-20,0E-20,0E-20,0E-20,,,,0E-20,,0E-20,0E-20,0E-20,0,,2023-04-16 07:32:41.057,2023-04-16,1754-01-01 07:32:41.057,0,,MAT. PRIMA,00000000-0000-0000-0000-000000000000,,0,,,IVA21,1,,,0,0,0,,0,0,,,1,0E-20,,1753-01-01,2.99000000000000000000,0E-20,0E-20,0,0,0E-20,0E-20,0E-20,0E-20,,0,0,1.00000000000000000000,UDS,UDS,1,4,1,0,,,,0E-20,0E-20,,PIEZAS,0,,,,,,,,,,,,1753-01-01,1,1753-01-01,1753-01-01,00000000-0000-0000-0000-000000000000,30A1C374-28DC-ED11-884E-6045BDE98C53,00000000-0000-0000-0000-000000000000,0,0,E3D22BDD-28DC-ED11-884E-6045BDE98C53,00000000-0000-0000-0000-000000000000,B5A2C374-28DC-ED11-884E-6045BDE98C53,,0E-20,,,2.99000000000000000000,0E-20,0E-20,0E-20,0E-20,0E-20,0E-20,0E-20,0E-20,0,0,,02D32BDD-28DC-ED11-884E-6045BDE98C53,2023-04-16 07:32:40.680,00000000-0000-0000-0000-000000000001,2023-04-16 07:32:51.303,00000000-0000-0000-0000-000000000001
b'\x00\x00\x00\x00\x00\x05\xa0`',SP-BOM1104,,Placa de calentamiento,PLACA DE CALENTAMIENTO,,UDS,0,0,MAT. PRIMA,,,1,0,0,0E-20,0,0E-20,0,14.61000000000000000000,14.61000000000000000000,14.61000000000000000000,0E-20,1,1,81000,WW4577,,0E-20,0E-20,0E-20,,0E-20,0E-20,,0E-20,0E-20,0E-20,0E-20,,,,0E-20,,0E-20,0E-20,0E-20,0,,2023-04-16 07:32:41.057,2023-04-16,1754-01-01 07:32:41.057,0,,MAT. PRIMA,00000000-0000-0000-0000-000000000000,,0,,,IVA21,1,,,0,0,0,,0,0,,,1,0E-20,,1753-01-01,14.61000000000000000000,0E-20,0E-20,0,0,0E-20,0E-20,0E-20,0E-20,,0,0,1.00000000000000000000,UDS,UDS,1,4,1,0,,,,0E-20,0E-20,,PIEZAS,0,,,,,,,,,,,,1753-01-01,1,1753-01-01,1753-01-01,00000000-0000-0000-0000-000000000000,30A1C374-28DC-ED11-884E-6045BDE98C53,00000000-0000-0000-0000-000000000000,0,0,E3D22BDD-28DC-ED11-884E-6045BDE98C53,00000000-0000-0000-0000-000000000000,B5A2C374-28DC-ED11-884E-6045BDE98C53,,0E-20,,,14.61000000000000000000,0E-20,0E-20,0E-20,0E-20,0E-20,0E-20,0E-20,0E-20,0,0,,05D32BDD-28DC-ED11-884E-6045BDE98C53,2023-04-16 07:32:40.680,00000000-0000-0000-0000-000000000001,2023-04-16 07:32:51.310,00000000-0000-0000-0000-000000000001
b'\x00\x00\x00\x00\x00\x05\xa0\\',SP-BOM1105,,Encender/apagar,ENCENDER/APAGAR,,UDS,0,0,MAT. PRIMA,,,1,0,0,0E-20,0,0E-20,0,3.11000000000000000000,3.11000000000000000000,3.11000000000000000000,0E-20,1,1,81000,HH-45888,,0E-20,0E-20,0E-20,,0E-20,0E-20,,0E-20,0E-20,0E-20,0E-20,,,,0E-20,,0E-20,0E-20,0E-20,0,,2023-04-16 07:32:41.057,2023-04-16,1754-01-01 07:32:41.057,0,,MAT. PRIMA,00000000-0000-0000-0000-000000000000,,0,,,IVA21,1,,,0,0,0,,0,0,,,1,0E-20,,1753-01-01,3.11000000000000000000,0E-20,0E-20,0,0,0E-20,0E-20,0E-20,0E-20,,0,0,1.00000000000000000000,UDS,UDS,1,4,1,0,,,,0E-20,0E-20,,PIEZAS,0,,,,,,,,,,,,1753-01-01,1,1753-01-01,1753-01-01,00000000-0000-0000-0000-000000000000,30A1C374-28DC-ED11-884E-6045BDE98C53,00000000-0000-0000-0000-000000000000,0,0,E3D22BDD-28DC-ED11-884E-6045BDE98C53,00000000-0000-0000-0000-000000000000,B5A2C374-28DC-ED11-884E-6045BDE98C53,,0E-20,,,3.11000000000000000000,0E-20,0E-20,0E-20,0E-20,0E-20,0E-20,0E-20,0E-20,0,0,,07D32BDD-28DC-ED11-884E-6045BDE98C53,2023-04-16 07:32:40.680,00000000-0000-0000-0000-000000000001,2023-04-16 07:32:51.307,00000000-0000-0000-0000-000000000001
b'\x00\x00\x00\x00\x00\x05\xa0a',SP-BOM1106,,Luz de encendido/apagado,LUZ DE ENCENDIDO/APAGADO,,UDS,0,0,MAT. PRIMA,,,1,0,0,0E-20,0,0E-20,0,3.05000000000000000000,3.05000000000000000000,3.05000000000000000000,0E-20,1,1,81000,PP-45656,,0E-20,0E-20,0E-20,,0E-20,0E-20,,0E-20,0E-20,0E-20,0E-20,,,,0E-20,,0E-20,0E-20,0E-20,0,,2023-04-16 07:32:41.060,2023-04-16,1754-01-01 07:32:41.060,0,,MAT. PRIMA,00000000-0000-0000-0000-000000000000,,0,,,IVA21,1,,,0,0,0,,0,0,,,1,0E-20,,1753-01-01,3.05000000000000000000,0E-20,0E-20,0,0,0E-20,0E-20,0E-20,0E-20,,0,0,1.00000000000000000000,UDS,UDS,1,4,1,0,,,,0E-20,0E-20,,PIEZAS,0,,,,,,,,,,,,1753-01-01,1,1753-01-01,1753-01-01,00000000-0000-0000-0000-000000000000,30A1C374-28DC-ED11-884E-6045BDE98C53,00000000-0000-0000-0000-000000000000,0,0,E3D22BDD-28DC-ED11-884E-6045BDE98C53,00000000-0000-0000-0000-000000000000,B5A2C374-28DC-ED11-884E-6045BDE98C53,,0E-20,,,3.05000000000000000000,0E-20,0E-20,0E-20,0E-20,0E-20,0E-20,0E-20,0E-20,0,0,,09D32BDD-28DC-ED11-884E-6045BDE98C53,2023-04-16 07:32:40.680,00000000-0000-0000-0000-000000000001,2023-04-16 07:32:51.310,00000000-0000-0000-0000-000000000001
b'\x00\x00\x00\x00\x00\x05\xa0V',SP-BOM1107,,Placa de circuitos,PLACA DE CIRCUITOS,,UDS,0,0,MAT. PRIMA,,,1,0,0,0E-20,0,0E-20,0,6.23000000000000000000,6.23000000000000000000,6.23000000000000000000,0E-20,1,1,81000,PP-7397,,0E-20,0E-20,0E-20,,0E-20,0E-20,,0E-20,0E-20,0E-20,0E-20,,,,0E-20,,0E-20,0E-20,0E-20,0,,2023-04-16 07:32:41.060,2023-04-16,1754-01-01 07:32:41.060,0,,MAT. PRIMA,00000000-0000-0000-0000-000000000000,,0,,,IVA21,1,,,0,0,0,,0,0,,,1,0E-20,,1753-01-01,6.23000000000000000000,0E-20,0E-20,0,0,0E-20,0E-20,0E-20,0E-20,,0,0,1.00000000000000000000,UDS,UDS,1,4,1,0,,,,0E-20,0E-20,,PIEZAS,0,,,,,,,,,,,,1753-01-01,1,1753-01-01,1753-01-01,00000000-0000-0000-0000-000000000000,30A1C374-28DC-ED11-884E-6045BDE98C53,00000000-0000-0000-0000-000000000000,0,0,E3D22BDD-28DC-ED11-884E-6045BDE98C53,00000000-0000-0000-0000-000000000000,B5A2C374-28DC-ED11-884E-6045BDE98C53,,0E-20,,,6.23000000000000000000,0E-20,0E-20,0E-20,0E-20,0E-20,0E-20,0E-20,0E-20,0,0,,0BD32BDD-28DC-ED11-884E-6045BDE98C53,2023-04-16 07:32:40.683,00000000-0000-0000-0000-000000000001,2023-04-16 07:32:51.307,00000000-0000-0000-0000-000000000001
b'\x00\x00\x00\x00\x00\x05\xa0W',SP-BOM1108,,Cable de alimentación,CABLE DE ALIMENTACIÓN,,UDS,0,0,MAT. PRIMA,,,1,0,0,0E-20,0,0E-20,0,5.99000000000000000000,5.99000000000000000000,5.99000000000000000000,0E-20,1,1,81000,45888,,0E-20,0E-20,0E-20,,0E-20,0E-20,,0E-20,0E-20,0E-20,0E-20,,,,0E-20,,0E-20,0E-20,0E-20,0,,2023-04-16 07:32:41.063,2023-04-16,1754-01-01 07:32:41.063,0,,MAT. PRIMA,00000000-0000-0000-0000-000000000000,,0,,,IVA21,1,,,0,0,0,,0,0,,,1,0E-20,,1753-01-01,5.99000000000000000000,0E-20,0E-20,0,0,0E-20,0E-20,0E-20,0E-20,,0,0,1.00000000000000000000,UDS,UDS,1,4,1,0,,,,0E-20,0E-20,,PIEZAS,0,,,,,,,,,,,,1753-01-01,1,1753-01-01,1753-01-01,00000000-0000-0000-0000-000000000000,30A1C374-28DC-ED11-884E-6045BDE98C53,00000000-0000-0000-0000-000000000000,0,0,E3D22BDD-28DC-ED11-884E-6045BDE98C53,00000000-0000-0000-0000-000000000000,B5A2C374-28DC-ED11-884E-6045BDE98C53,,0E-20,,,5.99000000000000000000,0E-20,0E-20,0E-20,0E-20,0E-20,0E-20,0E-20,0E-20,0,0,,0DD32BDD-28DC-ED11-884E-6045BDE98C53,2023-04-16 07:32:40.683,00000000-0000-0000-0000-000000000001,2023-04-16 07:32:51.307,00000000-0000-0000-0000-000000000001
b'\x00\x00\x00\x00\x00\x05\xa0]',SP-BOM1109,,Jarra de vidrio,JARRA DE VIDRIO,,UDS,0,0,MAT. PRIMA,,,1,0,0,0E-20,0,0E-20,0,16.01000000000000000000,16.01000000000000000000,16.01000000000000000000,0E-20,1,1,81000,45889,,0E-20,0E-20,0E-20,,0E-20,0E-20,,0E-20,0E-20,0E-20,0E-20,,,,0E-20,,0E-20,0E-20,0E-20,0,,2023-04-16 07:32:41.067,2023-04-16,1754-01-01 07:32:41.067,0,,MAT. PRIMA,00000000-0000-0000-0000-000000000000,,0,,,IVA21,1,,,0,0,0,,0,0,,,1,0E-20,,1753-01-01,16.01000000000000000000,0E-20,0E-20,0,0,0E-20,0E-20,0E-20,0E-20,,0,0,1.00000000000000000000,UDS,UDS,1,4,1,0,,,,0E-20,0E-20,,PIEZAS,0,,,,,,,,,,,,1753-01-01,1,1753-01-01,1753-01-01,00000000-0000-0000-0000-000000000000,30A1C374-28DC-ED11-884E-6045BDE98C53,00000000-0000-0000-0000-000000000000,0,0,E3D22BDD-28DC-ED11-884E-6045BDE98C53,00000000-0000-0000-0000-000000000000,B5A2C374-28DC-ED11-884E-6045BDE98C53,,0E-20,,,16.01000000000000000000,0E-20,0E-20,0E-20,0E-20,0E-20,0E-20,0E-20,0E-20,0,0,,0FD32BDD-28DC-ED11-884E-6045BDE98C53,2023-04-16 07:32:40.683,00000000-0000-0000-0000-000000000001,2023-04-16 07:32:51.310,00000000-0000-0000-0000-000000000001
b'\x00\x00\x00\x00\x00\x05\xa0c',SP-BOM1201,,Alojamiento Airpot Duo,ALOJAMIENTO AIRPOT DUO,,UDS,0,0,MAT. PRIMA,,,1,0,0,0E-20,0,0E-20,0,34.10000000000000000000,34.10000000000000000000,34.10000000000000000000,0E-20,1,1,81000,A-4577,,0E-20,0E-20,0E-20,,0E-20,0E-20,,0E-20,0E-20,0E-20,0E-20,,,,0E-20,,0E-20,0E-20,0E-20,0,,2023-04-16 07:32:41.067,2023-04-16,1754-01-01 07:32:41.067,0,,MAT. PRIMA,00000000-0000-0000-0000-000000000000,,0,,,IVA21,1,,,0,0,0,,0,0,,,1,0E-20,,1753-01-01,34.10000000000000000000,0E-20,0E-20,0,0,0E-20,0E-20,0E-20,0E-20,,0,0,1.00000000000000000000,UDS,UDS,1,4,1,0,,,,0E-20,0E-20,,PIEZAS,0,,,,,,,,,,,,1753-01-01,1,1753-01-01,1753-01-01,00000000-0000-0000-0000-000000000000,30A1C374-28DC-ED11-884E-6045BDE98C53,00000000-0000-0000-0000-000000000000,0,0,E3D22BDD-28DC-ED11-884E-6045BDE98C53,00000000-0000-0000-0000-000000000000,B5A2C374-28DC-ED11-884E-6045BDE98C53,,0E-20,,,34.10000000000000000000,0E-20,0E-20,0E-20,0E-20,0E-20,0E-20,0E-20,0E-20,0,0,,19D32BDD-28DC-ED11-884E-6045BDE98C53,2023-04-16 07:32:40.747,00000000-0000-0000-0000-000000000001,2023-04-16 07:32:51.313,00000000-0000-0000-0000-000000000001
b'\x00\x00\x00\x00\x00\x05\xa0d',SP-BOM1207,,Sensor de IoT,SENSOR DE IOT,,UDS,0,0,MAT. PRIMA,,,1,0,0,0E-20,0,0E-20,0,8.88000000000000000000,8.88000000000000000000,8.88000000000000000000,0E-20,1,1,81000,2777775,,0E-20,0E-20,0E-20,,0E-20,0E-20,,0E-20,0E-20,0E-20,0E-20,,,,0E-20,,0E-20,0E-20,0E-20,0,,2023-04-16 07:32:41.067,2023-04-16,1754-01-01 07:32:41.067,0,,MAT. PRIMA,00000000-0000-0000-0000-000000000000,,0,,,IVA21,1,,,0,0,0,,0,0,,,1,0E-20,,1753-01-01,8.88000000000000000000,0E-20,0E-20,0,0,0E-20,0E-20,0E-20,0E-20,,0,0,1.00000000000000000000,UDS,UDS,1,4,1,0,,,,0E-20,0E-20,,PIEZAS,0,,,,SN-PROD,,,,,,,,1753-01-01,1,1753-01-01,1753-01-01,00000000-0000-0000-0000-000000000000,30A1C374-28DC-ED11-884E-6045BDE98C53,00000000-0000-0000-0000-000000000000,0,0,E3D22BDD-28DC-ED11-884E-6045BDE98C53,00000000-0000-0000-0000-000000000000,B5A2C374-28DC-ED11-884E-6045BDE98C53,,0E-20,,,8.88000000000000000000,0E-20,0E-20,0E-20,0E-20,0E-20,0E-20,0E-20,0E-20,0,0,,1BD32BDD-28DC-ED11-884E-6045BDE98C53,2023-04-16 07:32:40.750,00000000-0000-0000-0000-000000000001,2023-04-16 07:32:51.317,00000000-0000-0000-0000-000000000001
b'\x00\x00\x00\x00\x00\x05\xa0e',SP-BOM1208,,Panel Facia con pantalla,PANEL FACIA CON PANTALLA,,UDS,0,0,MAT. PRIMA,,,1,0,0,0E-20,0,0E-20,0,14.11000000000000000000,14.11000000000000000000,14.11000000000000000000,0E-20,1,1,81000,88-45888,,0E-20,0E-20,0E-20,,0E-20,0E-20,,0E-20,0E-20,0E-20,0E-20,,,,0E-20,,0E-20,0E-20,0E-20,0,,2023-04-16 07:32:41.070,2023-04-16,1754-01-01 07:32:41.070,0,,MAT. PRIMA,00000000-0000-0000-0000-000000000000,,0,,,IVA21,1,,,0,0,0,,0,0,,,1,0E-20,,1753-01-01,14.11000000000000000000,0E-20,0E-20,0,0,0E-20,0E-20,0E-20,0E-20,,0,0,1.00000000000000000000,UDS,UDS,1,4,1,0,,,,0E-20,0E-20,,PIEZAS,0,,,,,,,,,,,,1753-01-01,1,1753-01-01,1753-01-01,00000000-0000-0000-0000-000000000000,30A1C374-28DC-ED11-884E-6045BDE98C53,00000000-0000-0000-0000-000000000000,0,0,E3D22BDD-28DC-ED11-884E-6045BDE98C53,00000000-0000-0000-0000-000000000000,B5A2C374-28DC-ED11-884E-6045BDE98C53,,0E-20,,,14.11000000000000000000,0E-20,0E-20,0E-20,0E-20,0E-20,0E-20,0E-20,0E-20,0,0,,1DD32BDD-28DC-ED11-884E-6045BDE98C53,2023-04-16 07:32:40.750,00000000-0000-0000-0000-000000000001,2023-04-16 07:32:51.317,00000000-0000-0000-0000-000000000001
b'\x00\x00\x00\x00\x00\x05\xa0J',SP-BOM1301,,Alojamiento AutoDrip,ALOJAMIENTO AUTODRIP,,UDS,0,0,MAT. PRIMA,,,1,0,0,0E-20,0,0E-20,0,32.22000000000000000000,32.22000000000000000000,32.22000000000000000000,0E-20,1,1,81000,4577-AA,,0E-20,0E-20,0E-20,,0E-20,0E-20,,0E-20,0E-20,0E-20,0E-20,,,,0E-20,,0E-20,0E-20,0E-20,0,,2023-04-16 07:32:41.070,2023-04-16,1754-01-01 07:32:41.070,0,,MAT. PRIMA,00000000-0000-0000-0000-000000000000,,0,,,IVA21,1,,,0,0,0,,0,0,,,1,0E-20,,1753-01-01,32.22000000000000000000,0E-20,0E-20,0,0,0E-20,0E-20,0E-20,0E-20,,2,0,1.00000000000000000000,UDS,UDS,1,4,1,0,,,,0E-20,0E-20,,PIEZAS,0,,,,,,,,,,,,1753-01-01,1,1753-01-01,1753-01-01,00000000-0000-0000-0000-000000000000,30A1C374-28DC-ED11-884E-6045BDE98C53,00000000-0000-0000-0000-000000000000,0,0,E3D22BDD-28DC-ED11-884E-6045BDE98C53,00000000-0000-0000-0000-000000000000,B5A2C374-28DC-ED11-884E-6045BDE98C53,,0E-20,,,32.22000000000000000000,0E-20,0E-20,0E-20,0E-20,0E-20,0E-20,0E-20,0E-20,0,0,,26D32BDD-28DC-ED11-884E-6045BDE98C53,2023-04-16 07:32:40.800,00000000-0000-0000-0000-000000000001,2023-04-16 07:32:51.297,00000000-0000-0000-0000-000000000001
b'\x00\x00\x00\x00\x00\x05\xa0T',SP-BOM1302,,Pantalla del panel de control,PANTALLA DEL PANEL DE CONTROL,,UDS,0,0,MAT. PRIMA,,,1,0,0,0E-20,0,0E-20,0,5.03000000000000000000,5.03000000000000000000,5.03000000000000000000,0E-20,1,1,81000,4577-BB,,0E-20,0E-20,0E-20,,0E-20,0E-20,,0E-20,0E-20,0E-20,0E-20,,,,0E-20,,0E-20,0E-20,0E-20,0,,2023-04-16 07:32:41.073,2023-04-16,1754-01-01 07:32:41.073,0,,MAT. PRIMA,00000000-0000-0000-0000-000000000000,,0,,,IVA21,1,,,0,0,0,,0,0,,,1,0E-20,,1753-01-01,5.03000000000000000000,0E-20,0E-20,0,0,0E-20,0E-20,0E-20,0E-20,,2,0,1.00000000000000000000,UDS,UDS,1,4,1,0,,,,0E-20,0E-20,,PIEZAS,0,,,,,,,,,,,,1753-01-01,1,1753-01-01,1753-01-01,00000000-0000-0000-0000-000000000000,30A1C374-28DC-ED11-884E-6045BDE98C53,00000000-0000-0000-0000-000000000000,0,0,E3D22BDD-28DC-ED11-884E-6045BDE98C53,00000000-0000-0000-0000-000000000000,B5A2C374-28DC-ED11-884E-6045BDE98C53,,0E-20,,,5.03000000000000000000,0E-20,0E-20,0E-20,0E-20,0E-20,0E-20,0E-20,0E-20,0,0,,28D32BDD-28DC-ED11-884E-6045BDE98C53,2023-04-16 07:32:40.800,00000000-0000-0000-0000-000000000001,2023-04-16 07:32:51.303,00000000-0000-0000-0000-000000000001
b'\x00\x00\x00\x00\x00\x05\xa0U',SP-BOM1303,,Botón,BOTÓN,,UDS,0,0,MAT. PRIMA,,,1,0,0,0E-20,0,0E-20,0,2.89000000000000000000,2.89000000000000000000,2.89000000000000000000,0E-20,1,1,81000,T5555-FF,,0E-20,0E-20,0E-20,,0E-20,0E-20,,0E-20,0E-20,0E-20,0E-20,,,,0E-20,,0E-20,0E-20,0E-20,0,,2023-04-16 07:32:41.073,2023-04-16,1754-01-01 07:32:41.073,0,,MAT. PRIMA,00000000-0000-0000-0000-000000000000,,0,,,IVA21,1,,,0,0,0,,0,0,,,1,0E-20,,1753-01-01,2.89000000000000000000,0E-20,0E-20,0,0,0E-20,0E-20,0E-20,0E-20,,1,0,1.00000000000000000000,UDS,UDS,1,4,1,0,,,,0E-20,0E-20,,PIEZAS,0,,,,,,,,,,,,1753-01-01,1,1753-01-01,1753-01-01,00000000-0000-0000-0000-000000000000,30A1C374-28DC-ED11-884E-6045BDE98C53,00000000-0000-0000-0000-000000000000,0,0,E3D22BDD-28DC-ED11-884E-6045BDE98C53,00000000-0000-0000-0000-000000000000,B5A2C374-28DC-ED11-884E-6045BDE98C53,,0E-20,,,2.89000000000000000000,0E-20,0E-20,0E-20,0E-20,0E-20,0E-20,0E-20,0E-20,0,0,,2AD32BDD-28DC-ED11-884E-6045BDE98C53,2023-04-16 07:32:40.800,00000000-0000-0000-0000-000000000001,2023-04-16 07:32:51.303,00000000-0000-0000-0000-000000000001
b'\x00\x00\x00\x00\x00\x05\xa0X',SP-BOM1304,,Jarra térmica fija acero inox.,JARRA TÉRMICA FIJA ACERO INOX.,,UDS,0,0,MAT. PRIMA,,,1,0,0,0E-20,0,0E-20,0,42.02000000000000000000,42.02000000000000000000,42.02000000000000000000,0E-20,1,1,81000,FR 48888,,0E-20,0E-20,0E-20,,0E-20,0E-20,,0E-20,0E-20,0E-20,0E-20,,,,0E-20,,0E-20,0E-20,0E-20,0,,2023-04-16 07:32:41.073,2023-04-16,1754-01-01 07:32:41.073,0,,MAT. PRIMA,00000000-0000-0000-0000-000000000000,,0,,,IVA21,1,,,0,0,0,,0,0,,,1,0E-20,,1753-01-01,42.02000000000000000000,0E-20,0E-20,0,0,0E-20,0E-20,0E-20,0E-20,,2,0,1.00000000000000000000,UDS,UDS,1,4,1,0,,,,0E-20,0E-20,,PIEZAS,0,,,,,,,,,,,,1753-01-01,1,1753-01-01,1753-01-01,00000000-0000-0000-0000-000000000000,30A1C374-28DC-ED11-884E-6045BDE98C53,00000000-0000-0000-0000-000000000000,0,0,E3D22BDD-28DC-ED11-884E-6045BDE98C53,00000000-0000-0000-0000-000000000000,B5A2C374-28DC-ED11-884E-6045BDE98C53,,0E-20,,,42.02000000000000000000,0E-20,0E-20,0E-20,0E-20,0E-20,0E-20,0E-20,0E-20,0,0,,2CD32BDD-28DC-ED11-884E-6045BDE98C53,2023-04-16 07:32:40.800,00000000-0000-0000-0000-000000000001,2023-04-16 07:32:51.307,00000000-0000-0000-0000-000000000001
b'\x00\x00\x00\x00\x00\x05\xa0Q',SP-BOM1305,,"Tornillo hexagonal M3, zinc","TORNILLO HEXAGONAL M3, ZINC",,UDS,0,0,MAT. PRIMA,,,1,0,0,0E-20,0,0E-20,0,0.39000000000000000000,0.39000000000000000000,0.39000000000000000000,0E-20,1,1,81000,22222,,0E-20,0E-20,0E-20,,0E-20,0E-20,,0E-20,0E-20,0E-20,0E-20,,,,0E-20,,0E-20,0E-20,0E-20,0,,2023-04-16 07:32:41.077,2023-04-16,1754-01-01 07:32:41.077,0,,MAT. PRIMA,00000000-0000-0000-0000-000000000000,,0,,,IVA21,1,,,0,0,0,,0,0,,,1,0E-20,,1753-01-01,0.39000000000000000000,0E-20,0E-20,0,0,0E-20,0E-20,0E-20,0E-20,,1,0,1.00000000000000000000,UDS,UDS,1,4,1,0,,,,0E-20,0E-20,,PIEZAS,0,,,,,,,,,,,,1753-01-01,1,1753-01-01,1753-01-01,00000000-0000-0000-0000-000000000000,30A1C374-28DC-ED11-884E-6045BDE98C53,00000000-0000-0000-0000-000000000000,0,0,E3D22BDD-28DC-ED11-884E-6045BDE98C53,00000000-0000-0000-0000-000000000000,B5A2C374-28DC-ED11-884E-6045BDE98C53,,0E-20,,,0.39000000000000000000,0E-20,0E-20,0E-20,0E-20,0E-20,0E-20,0E-20,0E-20,0,0,,2ED32BDD-28DC-ED11-884E-6045BDE98C53,2023-04-16 07:32:40.803,00000000-0000-0000-0000-000000000001,2023-04-16 07:32:51.303,00000000-0000-0000-0000-000000000001
b'\x00\x00\x00\x00\x00\x05\xa0\x82',SP-BOM2000,,Ensamblado del depósito,ENSAMBLADO DEL DEPÓSITO,,UDS,0,0,MAT. PRIMA,,,1,0,0,0E-20,0,0E-20,0,0E-20,0E-20,0E-20,0E-20,1,1,,,,0E-20,0E-20,0E-20,,0E-20,0E-20,,0E-20,0E-20,0E-20,0E-20,,,,0E-20,,0E-20,0E-20,0E-20,0,,2023-04-16 07:32:51.510,2023-04-16,1754-01-01 07:32:51.510,0,,MAT. PRIMA,00000000-0000-0000-0000-000000000000,,0,,,IVA21,1,,,0,0,0,,0,0,,,1,10.00000000000000000000,,2023-04-16,0E-20,0E-20,0E-20,0,0,0E-20,0E-20,0E-20,0E-20,,0,1,1.00000000000000000000,UDS,UDS,1,4,1,0,,,,0E-20,0E-20,,PIEZAS,0,,,,,,,,,,,,1753-01-01,1,1753-01-01,1753-01-01,00000000-0000-0000-0000-000000000000,30A1C374-28DC-ED11-884E-6045BDE98C53,00000000-0000-0000-0000-000000000000,0,0,E3D22BDD-28DC-ED11-884E-6045BDE98C53,00000000-0000-0000-0000-000000000000,B5A2C374-28DC-ED11-884E-6045BDE98C53,,0E-20,SP-BOM2000,SP-BOM2000,0E-20,0E-20,0E-20,0E-20,0E-20,0E-20,0E-20,0E-20,0E-20,0,0,,F4D22BDD-28DC-ED11-884E-6045BDE98C53,2023-04-16 07:32:40.653,00000000-0000-0000-0000-000000000001,2023-04-16 07:32:51.510,00000000-0000-0000-0000-000000000001
b'\x00\x00\x00\x00\x00\x05\xa0M',SP-BOM2001,,Depósito,DEPÓSITO,,UDS,0,0,MAT. PRIMA,,,1,0,0,0E-20,0,0E-20,0,14.94000000000000000000,14.94000000000000000000,14.94000000000000000000,0E-20,1,1,81000,266666,,0E-20,0E-20,0E-20,,0E-20,0E-20,,0E-20,0E-20,0E-20,0E-20,,,,0E-20,,0E-20,0E-20,0E-20,0,,2023-04-16 07:32:41.083,2023-04-16,1754-01-01 07:32:41.083,0,,MAT. PRIMA,00000000-0000-0000-0000-000000000000,,0,,,IVA21,1,,,0,0,0,,0,0,,,2,0E-20,,1753-01-01,14.94000000000000000000,0E-20,0E-20,0,0,0E-20,0E-20,0E-20,0E-20,,0,0,1.00000000000000000000,UDS,UDS,1,4,1,0,,,,0E-20,0E-20,,PIEZAS,0,,,,,,,,,,,,1753-01-01,1,1753-01-01,1753-01-01,00000000-0000-0000-0000-000000000000,30A1C374-28DC-ED11-884E-6045BDE98C53,00000000-0000-0000-0000-000000000000,0,0,E3D22BDD-28DC-ED11-884E-6045BDE98C53,00000000-0000-0000-0000-000000000000,B5A2C374-28DC-ED11-884E-6045BDE98C53,,0E-20,,,14.94000000000000000000,0E-20,0E-20,0E-20,0E-20,0E-20,0E-20,0E-20,0E-20,0,0,,F6D22BDD-28DC-ED11-884E-6045BDE98C53,2023-04-16 07:32:40.673,00000000-0000-0000-0000-000000000001,2023-04-16 07:32:51.300,00000000-0000-0000-0000-000000000001
b'\x00\x00\x00\x00\x00\x05\xa0N',SP-BOM2002,,Elemento de calefacción,ELEMENTO DE CALEFACCIÓN,,UDS,0,0,MAT. PRIMA,,,1,0,0,0E-20,0,0E-20,0,24.24000000000000000000,24.24000000000000000000,24.24000000000000000000,0E-20,1,1,81000,45455,,0E-20,0E-20,0E-20,,0E-20,0E-20,,0E-20,0E-20,0E-20,0E-20,,,,0E-20,,0E-20,0E-20,0E-20,0,,2023-04-16 07:32:41.087,2023-04-16,1754-01-01 07:32:41.087,0,,MAT. PRIMA,00000000-0000-0000-0000-000000000000,,0,,,IVA21,1,,,0,0,0,,0,0,,,2,0E-20,,1753-01-01,24.24000000000000000000,0E-20,0E-20,0,0,0E-20,0E-20,0E-20,0E-20,,0,0,1.00000000000000000000,UDS,UDS,1,4,1,0,,,,0E-20,0E-20,,PIEZAS,0,,,,,,,,,,,,1753-01-01,1,1753-01-01,1753-01-01,00000000-0000-0000-0000-000000000000,30A1C374-28DC-ED11-884E-6045BDE98C53,00000000-0000-0000-0000-000000000000,0,0,E3D22BDD-28DC-ED11-884E-6045BDE98C53,00000000-0000-0000-0000-000000000000,B5A2C374-28DC-ED11-884E-6045BDE98C53,,0E-20,,,24.24000000000000000000,0E-20,0E-20,0E-20,0E-20,0E-20,0E-20,0E-20,0E-20,0,0,,F8D22BDD-28DC-ED11-884E-6045BDE98C53,2023-04-16 07:32:40.673,00000000-0000-0000-0000-000000000001,2023-04-16 07:32:51.300,00000000-0000-0000-0000-000000000001
b'\x00\x00\x00\x00\x00\x05\xa0O',SP-BOM2003,,Tuberías de agua,TUBERÍAS DE AGUA,,UDS,0,0,MAT. PRIMA,,,1,0,0,0E-20,0,0E-20,0,6.93000000000000000000,6.93000000000000000000,6.93000000000000000000,0E-20,1,1,81000,11111,,0E-20,0E-20,0E-20,,0E-20,0E-20,,0E-20,0E-20,0E-20,0E-20,,,,0E-20,,0E-20,0E-20,0E-20,0,,2023-04-16 07:32:41.087,2023-04-16,1754-01-01 07:32:41.087,0,,MAT. PRIMA,00000000-0000-0000-0000-000000000000,,0,,,IVA21,1,,,0,0,0,,0,0,,,2,0E-20,,1753-01-01,6.93000000000000000000,0E-20,0E-20,0,0,0E-20,0E-20,0E-20,0E-20,,0,0,1.00000000000000000000,UDS,UDS,1,4,1,0,,,,0E-20,0E-20,,PIEZAS,0,,,,,,,,,,,,1753-01-01,1,1753-01-01,1753-01-01,00000000-0000-0000-0000-000000000000,30A1C374-28DC-ED11-884E-6045BDE98C53,00000000-0000-0000-0000-000000000000,0,0,E3D22BDD-28DC-ED11-884E-6045BDE98C53,00000000-0000-0000-0000-000000000000,B5A2C374-28DC-ED11-884E-6045BDE98C53,,0E-20,,,6.93000000000000000000,0E-20,0E-20,0E-20,0E-20,0E-20,0E-20,0E-20,0E-20,0,0,,FAD22BDD-28DC-ED11-884E-6045BDE98C53,2023-04-16 07:32:40.673,00000000-0000-0000-0000-000000000001,2023-04-16 07:32:51.300,00000000-0000-0000-0000-000000000001
b'\x00\x00\x00\x00\x00\x05\xa0P',SP-BOM2004,,Kit de prueba del depósito,KIT DE PRUEBA DEL DEPÓSITO,,UDS,0,0,MAT. PRIMA,,,1,0,0,0E-20,0,0E-20,0,18.00000000000000000000,18.00000000000000000000,18.00000000000000000000,0E-20,1,1,81000,A-12122,,0E-20,0E-20,0E-20,,0E-20,0E-20,,0E-20,0E-20,0E-20,0E-20,,,,0E-20,,0E-20,0E-20,0E-20,0,,2023-04-16 07:32:41.087,2023-04-16,1754-01-01 07:32:41.087,0,,MAT. PRIMA,00000000-0000-0000-0000-000000000000,,0,,,IVA21,1,,,0,0,0,,0,0,,,2,0E-20,,1753-01-01,18.00000000000000000000,0E-20,0E-20,0,0,0E-20,0E-20,0E-20,0E-20,,0,0,1.00000000000000000000,UDS,UDS,1,4,1,0,,,,0E-20,0E-20,,PIEZAS,0,,,,,,,,,,,,1753-01-01,1,1753-01-01,1753-01-01,00000000-0000-0000-0000-000000000000,30A1C374-28DC-ED11-884E-6045BDE98C53,00000000-0000-0000-0000-000000000000,0,0,E3D22BDD-28DC-ED11-884E-6045BDE98C53,00000000-0000-0000-0000-000000000000,B5A2C374-28DC-ED11-884E-6045BDE98C53,,0E-20,,,18.00000000000000000000,0E-20,0E-20,0E-20,0E-20,0E-20,0E-20,0E-20,0E-20,0,0,,FCD22BDD-28DC-ED11-884E-6045BDE98C53,2023-04-16 07:32:40.677,00000000-0000-0000-0000-000000000001,2023-04-16 07:32:51.300,00000000-0000-0000-0000-000000000001
b'\x00\x00\x00\x00\x00\x05\xa0\xeb',SP-SCM1004,,AutoDrip,AUTODRIP,,UDS,0,0,TERMINADO,,,1,0,0,179.00000000000000000000,0,0E-20,0,0E-20,0E-20,0E-20,0E-20,1,1,,,,0E-20,0E-20,0E-20,,0E-20,0E-20,,0E-20,0E-20,0E-20,0E-20,,,,0E-20,,0E-20,0E-20,0E-20,0,,2023-04-16 07:32:51.590,2023-04-16,1754-01-01 07:32:51.590,0,,MERCADERÍA,1A3F46B7-6EDC-4CA6-8013-C9B9CED08367,,0,,,IVA21,1,,,0,0,0,,0,0,,,0,10.00000000000000000000,,2023-04-16,0E-20,0E-20,0E-20,0,0,0E-20,0E-20,0E-20,0E-20,,2,1,1.00000000000000000000,UDS,UDS,1,4,1,0,,,,0E-20,0E-20,,C_CONSUM,0,,,,,,,,,,,,1753-01-01,1,1753-01-01,1753-01-01,00000000-0000-0000-0000-000000000000,30A1C374-28DC-ED11-884E-6045BDE98C53,00000000-0000-0000-0000-000000000000,0,0,E4D22BDD-28DC-ED11-884E-6045BDE98C53,00000000-0000-0000-0000-000000000000,B6A2C374-28DC-ED11-884E-6045BDE98C53,,0E-20,SP-SCM1004,SP-SCM1004,0E-20,0E-20,0E-20,0E-20,0E-20,0E-20,0E-20,0E-20,0E-20,0,0,,24D32BDD-28DC-ED11-884E-6045BDE98C53,2023-04-16 07:32:40.797,00000000-0000-0000-0000-000000000001,2023-04-16 07:32:51.590,00000000-0000-0000-0000-000000000001
b'\x00\x00\x00\x00\x00\x05\xa0H',SP-SCM1006,,AutoDripLite,AUTODRIPLITE,,UDS,0,0,TERMINADO,,,1,0,0,149.00000000000000000000,0,0E-20,0,0E-20,0E-20,0E-20,0E-20,1,1,,,,0E-20,0E-20,0E-20,,0E-20,0E-20,,0E-20,0E-20,0E-20,0E-20,,,,0E-20,,0E-20,0E-20,0E-20,0,,2023-04-16 07:32:41.090,2023-04-16,1754-01-01 07:32:41.090,0,,MERCADERÍA,6846ED8C-2DE3-468A-80A9-8889E0D868C1,,0,,,IVA21,1,,,0,0,0,,0,0,,,0,10.00000000000000000000,,2023-04-16,0E-20,0E-20,0E-20,0,0,0E-20,0E-20,0E-20,0E-20,,0,1,1.00000000000000000000,UDS,UDS,1,4,1,0,,,,0E-20,0E-20,,C_CONSUM,0,,,,,,,,,,,,1753-01-01,1,1753-01-01,1753-01-01,00000000-0000-0000-0000-000000000000,30A1C374-28DC-ED11-884E-6045BDE98C53,00000000-0000-0000-0000-000000000000,0,0,E4D22BDD-28DC-ED11-884E-6045BDE98C53,00000000-0000-0000-0000-000000000000,B6A2C374-28DC-ED11-884E-6045BDE98C53,,0E-20,,SP-SCM1006-BLACK,0E-20,0E-20,0E-20,0E-20,0E-20,0E-20,0E-20,0E-20,0E-20,0,0,,35D32BDD-28DC-ED11-884E-6045BDE98C53,2023-04-16 07:32:40.843,00000000-0000-0000-0000-000000000001,2023-04-16 07:32:50.877,00000000-0000-0000-0000-000000000001
b'\x00\x00\x00\x00\x00\x05h\xa9',SP-SCM1008,,Airpot lite,AIRPOT LITE,,UDS,0,0,TERMINADO,,,1,0,0,349.00000000000000000000,0,0E-20,4,0E-20,0E-20,0E-20,0E-20,1,1,,,,0E-20,0E-20,0E-20,,0E-20,0E-20,,0E-20,0E-20,0E-20,0E-20,,,,0E-20,,0E-20,0E-20,0E-20,0,,2023-04-16 07:32:41.093,2023-04-16,1754-01-01 07:32:41.093,0,,MERCADERÍA,3CFF63B3-B12B-4D01-87A3-BC29E439E7E5,,0,,,IVA21,1,,,0,0,0,,0,0,,,0,10.00000000000000000000,,2023-04-16,0E-20,0E-20,0E-20,0,0,0E-20,0E-20,0E-20,0E-20,,0,1,1.00000000000000000000,UDS,UDS,1,4,1,0,,,,0E-20,0E-20,,C_COMER,0,,,,,,,,,,,,1753-01-01,1,1753-01-01,1753-01-01,00000000-0000-0000-0000-000000000000,30A1C374-28DC-ED11-884E-6045BDE98C53,00000000-0000-0000-0000-000000000000,0,0,E5D22BDD-28DC-ED11-884E-6045BDE98C53,00000000-0000-0000-0000-000000000000,B6A2C374-28DC-ED11-884E-6045BDE98C53,,0E-20,,,0E-20,0E-20,0E-20,0E-20,0E-20,0E-20,0E-20,0E-20,0E-20,0,0,,F2D22BDD-28DC-ED11-884E-6045BDE98C53,2023-04-16 07:32:40.650,00000000-0000-0000-0000-000000000001,2023-04-16 07:32:41.093,00000000-0000-0000-0000-000000000001
b'\x00\x00\x00\x00\x00\x05\xa0\xa8',SP-SCM1009,,Airpot,AIRPOT,,UDS,0,0,TERMINADO,,,1,0,0,399.00000000000000000000,0,0E-20,4,0E-20,0E-20,0E-20,0E-20,1,1,,,,0E-20,0E-20,0E-20,,0E-20,0E-20,,0E-20,0E-20,0E-20,0E-20,,,,0E-20,,0E-20,0E-20,0E-20,0,,2023-04-16 07:32:51.533,2023-04-16,1754-01-01 07:32:51.533,0,,MERCADERÍA,CF821F15-9834-4C6C-8E7E-DD9508EBB64F,,0,,,IVA21,1,,,0,0,0,,0,0,,,0,10.00000000000000000000,,2023-04-16,0E-20,0E-20,0E-20,0,0,0E-20,0E-20,0E-20,0E-20,,0,1,0.00100000000000000000,UDS,UDS,1,4,1,0,,,,0E-20,0E-20,,C_COMER,0,,,,,,,,,,,,1753-01-01,1,1753-01-01,1753-01-01,00000000-0000-0000-0000-000000000000,30A1C374-28DC-ED11-884E-6045BDE98C53,00000000-0000-0000-0000-000000000000,0,0,E5D22BDD-28DC-ED11-884E-6045BDE98C53,00000000-0000-0000-0000-000000000000,B6A2C374-28DC-ED11-884E-6045BDE98C53,,0E-20,SP-SCM1009-SERIAL,SP-SCM1009,0E-20,0E-20,0E-20,0E-20,0E-20,0E-20,0E-20,0E-20,0E-20,0,0,,EBD22BDD-28DC-ED11-884E-6045BDE98C53,2023-04-16 07:32:40.610,00000000-0000-0000-0000-000000000001,2023-04-16 07:32:51.533,00000000-0000-0000-0000-000000000001
"b'\x00\x00\x00\x00\x00\x05\xa0""'",SP-SCM1011,,Airpot Duo,AIRPOT DUO,,UDS,0,0,TERMINADO,,,1,0,0,499.00000000000000000000,0,0E-20,2,0E-20,0E-20,0E-20,0E-20,1,1,,,,0E-20,0E-20,0E-20,,0E-20,0E-20,,0E-20,0E-20,0E-20,0E-20,,,,0E-20,,0E-20,0E-20,0E-20,0,,2023-04-16 07:32:41.097,2023-04-16,1754-01-01 07:32:41.097,0,,MERCADERÍA,616DD62E-99AF-45C9-A462-CD1275CD1E34,,0,,,IVA21,1,,,0,0,0,,0,0,,,0,10.00000000000000000000,,2023-04-16,0E-20,0E-20,0E-20,0,0,0E-20,0E-20,0E-20,0E-20,,0,1,1.00000000000000000000,UDS,UDS,1,4,1,0,,,,0E-20,0E-20,,C_COMER,0,,,,SN-PROD,,,,,,,,1753-01-01,1,1753-01-01,1753-01-01,00000000-0000-0000-0000-000000000000,30A1C374-28DC-ED11-884E-6045BDE98C53,00000000-0000-0000-0000-000000000000,0,0,E5D22BDD-28DC-ED11-884E-6045BDE98C53,00000000-0000-0000-0000-000000000000,B6A2C374-28DC-ED11-884E-6045BDE98C53,,0E-20,,SP-SCM1011,0E-20,0E-20,0E-20,0E-20,0E-20,0E-20,0E-20,0E-20,0E-20,0,0,,17D32BDD-28DC-ED11-884E-6045BDE98C53,2023-04-16 07:32:40.747,00000000-0000-0000-0000-000000000001,2023-04-16 07:32:50.837,00000000-0000-0000-0000-000000000001
b'\x00\x00\x00\x00\x00\x05\xa0Z',SP-SCM3001,,"Pintura, negra","PINTURA, NEGRA",,BT,0,0,MAT. PRIMA,,,1,0,0,0E-20,0,0E-20,0,1.60000000000000000000,1.60000000000000000000,1.60000000000000000000,0E-20,1,1,81000,4599-B1,,0E-20,0E-20,0E-20,,0E-20,0E-20,,0E-20,0E-20,0E-20,0E-20,,,,0E-20,,0E-20,0E-20,0E-20,0,,2023-04-16 07:32:41.097,2023-04-16,1754-01-01 07:32:41.097,0,,MAT. PRIMA,00000000-0000-0000-0000-000000000000,,0,,,IVA21,1,,,0,0,0,,0,0,,,1,0E-20,,1753-01-01,1.60000000000000000000,0E-20,0E-20,0,0,0E-20,0E-20,0E-20,0E-20,,0,0,0.00100000000000000000,BT,BT,1,4,1,0,,,,0E-20,0E-20,,PIEZAS,0,,,,,,,,,,,,1753-01-01,1,1753-01-01,1753-01-01,00000000-0000-0000-0000-000000000000,26A1C374-28DC-ED11-884E-6045BDE98C53,00000000-0000-0000-0000-000000000000,0,0,E3D22BDD-28DC-ED11-884E-6045BDE98C53,00000000-0000-0000-0000-000000000000,B5A2C374-28DC-ED11-884E-6045BDE98C53,,0E-20,,,1.60000000000000000000,0E-20,0E-20,0E-20,0E-20,0E-20,0E-20,0E-20,0E-20,0,0,,3AD32BDD-28DC-ED11-884E-6045BDE98C53,2023-04-16 07:32:40.850,00000000-0000-0000-0000-000000000001,2023-04-16 07:32:51.307,00000000-0000-0000-0000-000000000001
b'\x00\x00\x00\x00\x00\x05h\xaf',SP-SCM3002,,"Pintura, roja","PINTURA, ROJA",,BT,0,0,MAT. PRIMA,,,1,0,0,0E-20,0,0E-20,0,1.60000000000000000000,1.60000000000000000000,1.60000000000000000000,0E-20,1,1,81000,4599-B2,,0E-20,0E-20,0E-20,,0E-20,0E-20,,0E-20,0E-20,0E-20,0E-20,,,,0E-20,,0E-20,0E-20,0E-20,0,,2023-04-16 07:32:41.100,2023-04-16,1754-01-01 07:32:41.100,0,,MAT. PRIMA,00000000-0000-0000-0000-000000000000,,0,,,IVA21,1,,,0,0,0,,0,0,,,0,0E-20,,1753-01-01,1.60000000000000000000,0E-20,0E-20,0,0,0E-20,0E-20,0E-20,0E-20,,0,0,0.00100000000000000000,BT,BT,1,4,1,0,,,,0E-20,0E-20,,PIEZAS,0,,,,,,,,,,,,1753-01-01,1,1753-01-01,1753-01-01,00000000-0000-0000-0000-000000000000,26A1C374-28DC-ED11-884E-6045BDE98C53,00000000-0000-0000-0000-000000000000,0,0,E3D22BDD-28DC-ED11-884E-6045BDE98C53,00000000-0000-0000-0000-000000000000,B5A2C374-28DC-ED11-884E-6045BDE98C53,,0E-20,,,1.60000000000000000000,0E-20,0E-20,0E-20,0E-20,0E-20,0E-20,0E-20,0E-20,0,0,,3CD32BDD-28DC-ED11-884E-6045BDE98C53,2023-04-16 07:32:40.850,00000000-0000-0000-0000-000000000001,2023-04-16 07:32:41.100,00000000-0000-0000-0000-000000000001
b'\x00\x00\x00\x00\x00\x05h\xb0',SP-SCM3003,,"Pintura, blanca","PINTURA, BLANCA",,BT,0,0,MAT. PRIMA,,,1,0,0,0E-20,0,0E-20,0,1.60000000000000000000,1.60000000000000000000,1.60000000000000000000,0E-20,1,1,81000,4599-B3,,0E-20,0E-20,0E-20,,0E-20,0E-20,,0E-20,0E-20,0E-20,0E-20,,,,0E-20,,0E-20,0E-20,0E-20,0,,2023-04-16 07:32:41.100,2023-04-16,1754-01-01 07:32:41.100,0,,MAT. PRIMA,00000000-0000-0000-0000-000000000000,,0,,,IVA21,1,,,0,0,0,,0,0,,,0,0E-20,,1753-01-01,1.60000000000000000000,0E-20,0E-20,0,0,0E-20,0E-20,0E-20,0E-20,,0,0,0.00100000000000000000,BT,BT,1,4,1,0,,,,0E-20,0E-20,,PIEZAS,0,,,,,,,,,,,,1753-01-01,1,1753-01-01,1753-01-01,00000000-0000-0000-0000-000000000000,26A1C374-28DC-ED11-884E-6045BDE98C53,00000000-0000-0000-0000-000000000000,0,0,E3D22BDD-28DC-ED11-884E-6045BDE98C53,00000000-0000-0000-0000-000000000000,B5A2C374-28DC-ED11-884E-6045BDE98C53,,0E-20,,,1.60000000000000000000,0E-20,0E-20,0E-20,0E-20,0E-20,0E-20,0E-20,0E-20,0,0,,3ED32BDD-28DC-ED11-884E-6045BDE98C53,2023-04-16 07:32:40.853,00000000-0000-0000-0000-000000000001,2023-04-16 07:32:41.100,00000000-0000-0000-0000-000000000001
b'\x00\x00\x00\x00\x00\x05\xa1\xf5',WRB-1000,,"Granos tostados enteros, Columbia","GRANOS TOSTADOS ENTEROS, COLUMBIA",,UDS,0,0,MERCADERÍA,,,1,0,0,15.00000000000000000000,0,33.33333000000000000000,0,10.00000000000000000000,0E-20,10.00000000000000000000,0E-20,1,1,,,,0E-20,0E-20,0E-20,,0E-20,0E-20,,0E-20,0.75000000000000000000,0E-20,0E-20,,,,0E-20,,0E-20,0E-20,0E-20,0,,1753-01-01 00:00:00.000,1753-01-01,1753-01-01 00:00:00.000,0,,MERCADERÍA,ADAF9E12-36CB-43F5-BC31-2A99EE7A76C6,,0,,,IVA21,1,,,0,0,0,,0,0,,,0,0E-20,,1753-01-01,0E-20,0E-20,0E-20,0,0,0E-20,0E-20,0E-20,0E-20,,0,0,1.00000000000000000000,UDS,UDS,,0,0,0,,,,0E-20,0E-20,,GRANOS,0,,,,,,,,,STD,,,1753-01-01,1,1753-01-01,1753-01-01,00000000-0000-0000-0000-000000000000,30A1C374-28DC-ED11-884E-6045BDE98C53,00000000-0000-0000-0000-000000000000,0,0,B81C24E3-28DC-ED11-884E-6045BDE98C53,00000000-0000-0000-0000-000000000000,B6A2C374-28DC-ED11-884E-6045BDE98C53,,0E-20,,,0E-20,0E-20,0E-20,0E-20,0E-20,0E-20,0E-20,0E-20,0E-20,0,0,,BE1C24E3-28DC-ED11-884E-6045BDE98C53,2023-04-16 07:32:53.727,00000000-0000-0000-0000-000000000001,2023-04-16 07:32:53.727,00000000-0000-0000-0000-000000000001
b'\x00\x00\x00\x00\x00\x05\xa1\xff',WRB-1001,,"Granos tostados enteros, Brasil","GRANOS TOSTADOS ENTEROS, BRASIL",,UDS,0,0,MERCADERÍA,,,1,0,0,15.00000000000000000000,0,33.33333000000000000000,0,10.00000000000000000000,0E-20,10.00000000000000000000,0E-20,1,1,,,,0E-20,0E-20,0E-20,,0E-20,0E-20,,0E-20,0.75000000000000000000,0E-20,0E-20,,,,0E-20,,0E-20,0E-20,0E-20,0,,1753-01-01 00:00:00.000,1753-01-01,1753-01-01 00:00:00.000,0,,MERCADERÍA,34DB4EA2-73AB-4243-800E-A62FE962BFE1,,0,,,IVA21,1,,,0,0,0,,0,0,,,0,0E-20,,1753-01-01,0E-20,0E-20,0E-20,0,0,0E-20,0E-20,0E-20,0E-20,,0,0,1.00000000000000000000,UDS,UDS,,0,0,0,,,,0E-20,0E-20,,GRANOS,0,,,,,,,,,STD,,,1753-01-01,1,1753-01-01,1753-01-01,00000000-0000-0000-0000-000000000000,30A1C374-28DC-ED11-884E-6045BDE98C53,00000000-0000-0000-0000-000000000000,0,0,B81C24E3-28DC-ED11-884E-6045BDE98C53,00000000-0000-0000-0000-000000000000,B6A2C374-28DC-ED11-884E-6045BDE98C53,,0E-20,,,0E-20,0E-20,0E-20,0E-20,0E-20,0E-20,0E-20,0E-20,0E-20,0,0,,C41C24E3-28DC-ED11-884E-6045BDE98C53,2023-04-16 07:32:53.767,00000000-0000-0000-0000-000000000001,2023-04-16 07:32:53.767,00000000-0000-0000-0000-000000000001
b'\x00\x00\x00\x00\x00\x05\xa2\n',WRB-1002,,"Granos tostados enteros, Indonesia","GRANOS TOSTADOS ENTEROS, INDONESIA",,UDS,0,0,MERCADERÍA,,,1,0,0,15.00000000000000000000,0,33.33333000000000000000,0,10.00000000000000000000,0E-20,10.00000000000000000000,0E-20,1,1,,,,0E-20,0E-20,0E-20,,0E-20,0E-20,,0E-20,0.75000000000000000000,0E-20,0E-20,,,,0E-20,,0E-20,0E-20,0E-20,0,,1753-01-01 00:00:00.000,1753-01-01,1753-01-01 00:00:00.000,0,,MERCADERÍA,F8C75856-4D4F-44A4-9EB2-FE5F5D95108E,,0,,,IVA21,1,,,0,0,0,,0,0,,,0,0E-20,,1753-01-01,0E-20,0E-20,0E-20,0,0,0E-20,0E-20,0E-20,0E-20,,0,0,1.00000000000000000000,UDS,UDS,,0,0,0,,,,0E-20,0E-20,,GRANOS,0,,,,SEGLOTCAD,,,,,STD,,,1753-01-01,1,1753-01-01,1753-01-01,00000000-0000-0000-0000-000000000000,30A1C374-28DC-ED11-884E-6045BDE98C53,00000000-0000-0000-0000-000000000000,0,0,B81C24E3-28DC-ED11-884E-6045BDE98C53,00000000-0000-0000-0000-000000000000,B6A2C374-28DC-ED11-884E-6045BDE98C53,,0E-20,,,0E-20,0E-20,0E-20,0E-20,0E-20,0E-20,0E-20,0E-20,0E-20,0,0,,CA1C24E3-28DC-ED11-884E-6045BDE98C53,2023-04-16 07:32:53.807,00000000-0000-0000-0000-000000000001,2023-04-16 07:32:53.807,00000000-0000-0000-0000-000000000001
